observation_date,Return M
31-Dec-1946,
31-Jan-1947,0.00177056736423015
28-Feb-1947,0.00203963149732252
31-Mar-1947,0.00275947505356022
30-Apr-1947,0.000303517167169883
31-May-1947,0.00239627440605828
30-Jun-1947,-0.00240250685391957
31-Jul-1947,0.00305557638884451
31-Aug-1947,0.00367700712561672
30-Sep-1947,-0.00222014219404738
31-Oct-1947,-0.00773972441725186
30-Nov-1947,-0.0074284079929687
31-Dec-1947,-0.011362095334352
31-Jan-1948,0.00154453782244336
29-Feb-1948,0.00305691211422621
31-Mar-1948,0.00366898664651557
30-Apr-1948,0.00249581020549236
31-May-1948,0.00955027033512158
30-Jun-1948,-0.00691938071075677
31-Jul-1948,-0.00114341728645621
31-Aug-1948,0.000482849347127945
30-Sep-1948,0.00218069968924053
31-Oct-1948,-0.000304157387902076
30-Nov-1948,0.00521608019980982
31-Dec-1948,0.00403305839838987
31-Jan-1949,0.00508496155635267
28-Feb-1949,0.00309596110273804
31-Mar-1949,0.00451364986620872
30-Apr-1949,0.00154233609919435
31-May-1949,0.00279412482780798
30-Jun-1949,0.00960569890911999
31-Jul-1949,0.0036146383995446
31-Aug-1949,0.00783806571050032
30-Sep-1949,0.000482725148867907
31-Oct-1949,0.00166338852486194
30-Nov-1949,0.00202288871891046
31-Dec-1949,0.00526911529684487
31-Jan-1950,-0.00664241821901885
28-Feb-1950,-0.000902351484648234
31-Mar-1950,-0.00105443841581669
30-Apr-1950,-0.00102541357596884
31-May-1950,7.45316664222029E-05
30-Jun-1950,-0.00231465049957505
31-Jul-1950,0.00253879045324663
31-Aug-1950,0.00101487840489278
30-Sep-1950,-0.00209160894703712
31-Oct-1950,-0.00275619035179603
30-Nov-1950,-0.000137363666510959
31-Dec-1950,0.00218640943974545
31-Jan-1951,0.00529379617252813
28-Feb-1951,-0.0034314194066013
31-Mar-1951,-0.00486302752626609
30-Apr-1951,-0.00556249546563121
31-May-1951,-0.0119726700932523
30-Jun-1951,0.00709686552381909
31-Jul-1951,0.0117364867278584
31-Aug-1951,0.00532069474170344
30-Sep-1951,-0.00525228541068641
31-Oct-1951,-0.00489371600644413
30-Nov-1951,0.000591471586645355
31-Dec-1951,0.00165353089284122
31-Jan-1952,0.00646966257571429
29-Feb-1952,-0.0113219026238196
31-Mar-1952,0.0119616080597551
30-Apr-1952,0.00936557799589741
31-May-1952,0.00535674381379901
30-Jun-1952,-0.000732594086706032
31-Jul-1952,-0.00244984347549868
31-Aug-1952,-0.00543781824713444
30-Sep-1952,-0.00938531209664278
31-Oct-1952,0.0159324750913722
30-Nov-1952,0.00367818845069175
31-Dec-1952,-0.00113278379684106
31-Jan-1953,-0.00594509601297147
28-Feb-1953,-0.00385148349267848
31-Mar-1953,9.97462356483168E-05
30-Apr-1953,-0.019127794821887
31-May-1953,-0.0229744130102099
30-Jun-1953,0.0284961561639242
31-Jul-1953,0.00376934399233499
31-Aug-1953,-0.00610072991265155
30-Sep-1953,0.0404773351430587
31-Oct-1953,-0.00273509539719303
30-Nov-1953,-0.00146842050616119
31-Dec-1953,0.0256382136752615
31-Jan-1954,0.00109570004174682
28-Feb-1954,0.00434293797645192
31-Mar-1954,0.00590555180768441
30-Apr-1954,0.00932076369435392
31-May-1954,-0.0130857646427095
30-Jun-1954,0.00936274081336276
31-Jul-1954,0.00535273667748251
31-Aug-1954,-0.00388672260774724
30-Sep-1954,0.0019499164352805
31-Oct-1954,0.00335306263789323
30-Nov-1954,-0.00269456272399499
31-Dec-1954,0.0012844506966375
31-Jan-1955,-0.0100700274003023
28-Feb-1955,-0.00342727813368255
31-Mar-1955,0.00337434226400249
30-Apr-1955,-0.00319756171740249
31-May-1955,0.00505627291371489
30-Jun-1955,-0.00855753117858789
31-Jul-1955,-0.00864035833408159
31-Aug-1955,0.00435628353003657
30-Sep-1955,0.00863155088244937
31-Oct-1955,0.00937087105483952
30-Nov-1955,-0.00546760246251715
31-Dec-1955,-0.000245909472639473
31-Jan-1956,0.012068804960299
29-Feb-1956,0.000190844712467771
31-Mar-1956,-0.0178550450453992
30-Apr-1956,0.00306810571006666
31-May-1956,0.0169447995007567
30-Jun-1956,-0.00356258242464329
31-Jul-1956,-0.0166937241331233
31-Aug-1956,-0.0158812482594324
30-Sep-1956,0.00896464300019918
31-Oct-1956,-0.00804302286175011
30-Nov-1956,0.000564303536152252
31-Dec-1956,-0.0147007479750855
31-Jan-1957,0.0448344803882276
28-Feb-1957,-0.00929202677434074
31-Mar-1957,0.00179739641985385
30-Apr-1957,-0.0102279609286298
31-May-1957,-0.00926208027269455
30-Jun-1957,-0.0142389848462443
31-Jul-1957,0.00356906871033732
31-Aug-1957,0.00979569669445544
30-Sep-1957,-0.0136248361615537
31-Oct-1957,0.0110891040795425
30-Nov-1957,0.0511127156887805
31-Dec-1957,0.0283848324552202
31-Jan-1958,-0.00651192867958504
28-Feb-1958,0.0126675839586795
31-Mar-1958,0.0142641720823734
30-Apr-1958,0.0100721259991144
31-May-1958,-0.00519598126604272
30-Jun-1958,-0.00466552828368144
31-Jul-1958,-0.0133233097616239
31-Aug-1958,-0.0451897694649253
30-Sep-1958,0.00353600761668966
31-Oct-1958,0.00658029020893767
30-Nov-1958,0.00829081006207121
31-Dec-1958,-0.0169709209737288
31-Jan-1959,-0.00496930043861066
28-Feb-1959,0.0193983060185172
31-Mar-1959,-0.0114788656586316
30-Apr-1959,-0.0146332053998698
31-May-1959,0.00478243497215223
30-Jun-1959,-0.00181657557727259
31-Jul-1959,-0.0106306785430566
31-Aug-1959,-0.00313246764681279
30-Sep-1959,0.00415224319338751
31-Oct-1959,0.00367238845163516
30-Nov-1959,0.000271520834894853
31-Dec-1959,-0.00994161503289832
31-Jan-1960,0.00960346870861304
29-Feb-1960,0.0221809124193534
31-Mar-1960,0.0327494920827758
30-Apr-1960,-0.0196942297597244
31-May-1960,0.0188542940363132
30-Jun-1960,0.00185747193741585
31-Jul-1960,0.0353883044795173
31-Aug-1960,-0.000441067218492071
30-Sep-1960,0.00729863951113556
31-Oct-1960,-0.00354576951152931
30-Nov-1960,-0.00490922339763757
31-Dec-1960,0.0245504479629553
31-Jan-1961,-0.00624375450691011
28-Feb-1961,0.0129046878924188
31-Mar-1961,-0.00355654296026977
30-Apr-1961,0.00842230858798407
31-May-1961,-0.00353694453505305
30-Jun-1961,-0.0026299356021845
31-Jul-1961,-0.00514335338258904
31-Aug-1961,0.00315244237465522
30-Sep-1961,0.0141136401105375
31-Oct-1961,0.00124584257062763
30-Nov-1961,-0.00732844887197863
31-Dec-1961,-0.00136115000381252
31-Jan-1962,0.000150797684163523
28-Feb-1962,0.0115367641034932
31-Mar-1962,0.0147780686094069
30-Apr-1962,0.00321666666666667
31-May-1962,-4.69830950910808E-05
30-Jun-1962,-0.00487009743682651
31-Jul-1962,9.15085347056653E-05
31-Aug-1962,0.0098752073558203
30-Sep-1962,0.00492869624743589
31-Oct-1962,0.00491359281577888
30-Nov-1962,0.00326666666666667
31-Dec-1962,0.00899178419547489
31-Jan-1963,0.00157415629057763
28-Feb-1963,-0.00247543686602606
31-Mar-1963,0.00246937561328245
30-Apr-1963,0.00329166666666667
31-May-1963,0.00247809908052241
30-Jun-1963,5.19610252693063E-05
31-Jul-1963,0.00333333333333333
31-Aug-1963,0.00171086846283423
30-Sep-1963,-0.000696469269923359
31-Oct-1963,-0.00305798135118531
30-Nov-1963,0.00912068191289905
31-Dec-1963,-0.00143954631593397
31-Jan-1964,0.00264379399776842
29-Feb-1964,0.00104317600664216
31-Mar-1964,-0.000532342333710861
30-Apr-1964,0.00432851806706891
31-May-1964,0.00593067202244995
30-Jun-1964,0.00671649067559254
31-Jul-1964,0.00023965952562243
31-Aug-1964,0.00188386413753849
30-Sep-1964,0.00592349066002462
31-Oct-1964,0.00509497576766243
30-Nov-1964,0.00024952776222114
31-Dec-1964,0.00269609873543591
31-Jan-1965,0.00511767023718879
28-Feb-1965,0.00108111246546016
31-Mar-1965,0.00512523611888943
30-Apr-1965,0.00269609873543591
31-May-1965,0.00190206306651563
30-Jun-1965,0.00593785417833415
31-Jul-1965,0.00189296386586229
31-Aug-1965,-0.000491363497288345
30-Sep-1965,-0.00283015010649812
31-Oct-1965,-0.00115272318409508
30-Nov-1965,-0.00188052835726436
31-Dec-1965,-0.00965055111755878
31-Jan-1966,0.000731793270096242
28-Feb-1966,-0.0216237315898991
31-Mar-1966,0.0285202053433423
30-Apr-1966,-0.00233184262954418
31-May-1966,0.00320992958505278
30-Jun-1966,-0.00918375853814691
31-Jul-1966,-0.00203923046508985
31-Aug-1966,-0.0193985031092388
30-Sep-1966,0.0307724305269668
31-Oct-1966,0.00806090937396466
30-Nov-1966,-0.00740960688963703
31-Dec-1966,0.0420743162541331
31-Jan-1967,0.0133723929633369
28-Feb-1967,-0.0119271357367672
31-Mar-1967,0.0213770204167876
30-Apr-1967,-0.0181592671720089
31-May-1967,0.00163922607494704
30-Jun-1967,-0.0274179773276604
31-Jul-1967,0.00896187698893761
31-Aug-1967,-0.00411180725840751
30-Sep-1967,0.00133852424459089
31-Oct-1967,-0.0203805259937592
30-Nov-1967,-0.00278217382322181
31-Dec-1967,0.00778173598987372
31-Jan-1968,0.0168327412400852
29-Feb-1968,0.00310772327830628
31-Mar-1968,-0.0103172094802794
30-Apr-1968,0.00629643476464423
31-May-1968,-0.00414574504560053
30-Jun-1968,0.0214203506625061
31-Jul-1968,0.0237112221887859
31-Aug-1968,0.00221349942593562
30-Sep-1968,-0.000781805251793002
31-Oct-1968,-0.00445772095677199
30-Nov-1968,-0.00802124310781892
31-Dec-1968,-0.0230721336512859
31-Jan-1969,0.00293460445659034
28-Feb-1969,4.43450916442619E-05
31-Mar-1969,0.00229971627674043
30-Apr-1969,0.0125757468460846
31-May-1969,-0.0207772730313004
30-Jun-1969,-0.00669070936000977
31-Jul-1969,0.0106301842764051
31-Aug-1969,-0.00655261865234141
30-Sep-1969,-0.0412673247736316
31-Oct-1969,0.0466371489660605
30-Nov-1969,-0.0186247718671387
31-Dec-1969,-0.0340069561525714
31-Jan-1970,0.0154491204912042
28-Feb-1970,0.0667808564912123
31-Mar-1970,-0.00692126613279523
30-Apr-1970,-0.04450553552662
31-May-1970,-0.00228775636272821
30-Jun-1970,0.025130400264107
31-Jul-1970,0.0272374075887578
31-Aug-1970,-0.00145306369224217
30-Sep-1970,0.0201891553526505
31-Oct-1970,0.00329047790045184
30-Nov-1970,0.0668368358175051
31-Dec-1970,0.00468570325172478
31-Jan-1971,0.0356037951971893
28-Feb-1971,0.00140206147193706
31-Mar-1971,0.0512034781305997
30-Apr-1971,-0.0359051534717047
31-May-1971,-0.0167308526494742
30-Jun-1971,-0.0175988617176578
31-Jul-1971,-0.00508582327881262
31-Aug-1971,0.047312817263972
30-Sep-1971,0.0259341930250087
31-Oct-1971,0.0146687163300935
30-Nov-1971,0.000441481560636542
31-Dec-1971,0.00791391943449154
31-Jan-1972,-0.00981709521814107
29-Feb-1972,0.00876480407124342
31-Mar-1972,-0.000848750795401699
30-Apr-1972,0.00363082458877496
31-May-1972,0.0117552690104221
30-Jun-1972,-0.00230084972312533
31-Jul-1972,0.00733078154827567
31-Aug-1972,-0.0166578745619552
30-Sep-1972,-0.00330582976413448
31-Oct-1972,0.0148827028501322
30-Nov-1972,0.0148304086157597
31-Dec-1972,-0.00419936951679887
31-Jan-1973,-0.00403548224447894
28-Feb-1973,-0.00173057083309154
31-Mar-1973,-0.000902924563142395
30-Apr-1973,0.00775666411936372
31-May-1973,-0.0107172053586901
30-Jun-1973,0.00506659972574155
31-Jul-1973,-0.0281753860578312
31-Aug-1973,0.0187668561275685
30-Sep-1973,0.0308803526728522
31-Oct-1973,0.0193499444103996
30-Nov-1973,0.00702453505036838
31-Dec-1973,-0.00932821160371133
31-Jan-1974,-0.00131491916975271
28-Feb-1974,0.00512715873771938
31-Mar-1974,-0.0219044350622397
30-Apr-1974,-0.0109748141101534
31-May-1974,0.0160470657970368
30-Jun-1974,-0.0019725421321046
31-Jul-1974,-0.0106097273640052
31-Aug-1974,-0.00822038991766072
30-Sep-1974,0.0182768798986209
31-Oct-1974,0.0168475500997102
30-Nov-1974,0.0167906776651309
31-Dec-1974,0.0230217444841625
31-Jan-1975,-0.00280281343274856
28-Feb-1975,0.0111197730470271
31-Mar-1975,-0.0309346172679742
30-Apr-1975,-0.0133246528561407
31-May-1975,0.0251388707575308
30-Jun-1975,0.0121157220203934
31-Jul-1975,-0.00944354827882026
31-Aug-1975,0.00549476571468663
30-Sep-1975,-0.0103550218960043
31-Oct-1975,0.0457387438349274
30-Nov-1975,-0.00885590248143919
31-Dec-1975,0.0327359533917501
31-Jan-1976,0.00373963588826114
29-Feb-1976,0.00854798567285769
31-Mar-1976,0.0140209182084674
30-Apr-1976,0.00569764455349079
31-May-1976,-0.0132403256572602
30-Jun-1976,0.0134328796728929
31-Jul-1976,0.00655
31-Aug-1976,0.0202698512881227
30-Sep-1976,0.0139661549471896
31-Oct-1976,0.0153051349561056
30-Nov-1976,0.0351364917535076
31-Dec-1976,0.0200928913683197
31-Jan-1977,-0.0352687329680108
28-Feb-1977,0.0027045744159865
31-Mar-1977,0.00828836447704991
30-Apr-1977,0.00410607798292519
31-May-1977,0.0110703951040436
30-Jun-1977,0.0187533351577954
31-Jul-1977,-0.00925356172058912
31-Aug-1977,0.0159509362941747
30-Sep-1977,-0.00295081639522787
31-Oct-1977,-0.00825640375693552
30-Nov-1977,0.0111754319360905
31-Dec-1977,-0.00940262010148998
31-Jan-1978,-0.00435765166929032
28-Feb-1978,-0.000129211391677922
31-Mar-1978,-0.000684729719896344
30-Apr-1978,0.000773381820790369
31-May-1978,-0.00507566900726866
30-Jun-1978,-0.00613768644762625
31-Jul-1978,0.0111399340508731
31-Aug-1978,0.0184269666643721
30-Sep-1978,-0.00421870203302927
31-Oct-1978,-0.01879146113827
30-Nov-1978,0.0139758751285774
31-Dec-1978,-0.011259246196194
31-Jan-1979,0.0205929829237335
28-Feb-1979,-0.00667218615930888
31-Mar-1979,0.0115053796418402
30-Apr-1979,-0.00770514331484739
31-May-1979,0.02650643721433
30-Jun-1979,0.0238582036737847
31-Jul-1979,-0.00559285618686691
31-Aug-1979,-0.00722023692079666
30-Sep-1979,-0.00499847523472101
31-Oct-1979,-0.0691447740184911
30-Nov-1979,0.0296810690789578
31-Dec-1979,0.0117075213888842
31-Jan-1980,-0.0387158406200598
29-Feb-1980,-0.0789285014347169
31-Mar-1980,0.0150520486194275
30-Apr-1980,0.123456479446549
31-May-1980,0.0402579984649017
30-Jun-1980,0.0184246972503872
31-Jul-1980,-0.0318355538453126
31-Aug-1980,-0.0369696098472415
30-Sep-1980,-0.008175174393798
31-Oct-1980,-0.0237474998835026
30-Nov-1980,-0.00403988073775227
31-Dec-1980,0.0268743992113181
31-Jan-1981,-0.0035322030615689
28-Feb-1981,-0.0298905290565459
31-Mar-1981,0.0275661876497306
30-Apr-1981,-0.0405448403719446
31-May-1981,0.0445736132650265
30-Jun-1981,-0.00784704438232307
31-Jul-1981,-0.0301018647463251
31-Aug-1981,-0.0247782311141546
30-Sep-1981,-0.00831804230558861
31-Oct-1981,0.075515579432952
30-Nov-1981,0.0940642715819869
31-Dec-1981,-0.0339396438164794
31-Jan-1982,0.003253751173052
28-Feb-1982,0.0175802945069124
31-Mar-1982,0.00383229726198598
30-Apr-1982,0.0282549727572495
31-May-1982,0.0200954716574875
30-Jun-1982,-0.0264441596032912
31-Jul-1982,0.0526320819519355
31-Aug-1982,0.0594902399218468
30-Sep-1982,0.0730160500852315
31-Oct-1982,0.0711689515088788
30-Nov-1982,0.00412572764679357
31-Dec-1982,0.0352533894359174
31-Jan-1983,-0.0177517372260209
28-Feb-1983,0.0414912120675149
31-Mar-1983,-0.0125870927635637
30-Apr-1983,0.0303064607993022
31-May-1983,-0.0238099417365775
30-Jun-1983,7.2709022606525E-05
31-Jul-1983,-0.0369890585934059
31-Aug-1983,-0.00277126927347252
30-Sep-1983,0.0415240000250391
31-Oct-1983,-0.00777660019720112
30-Nov-1983,0.0161587307460914
31-Dec-1983,-0.00123579815219664
31-Jan-1984,0.0185295995950282
29-Feb-1984,-0.0113664850901991
31-Mar-1984,-0.0173552177521312
30-Apr-1984,-0.00558206046255318
31-May-1984,-0.0470264017251732
30-Jun-1984,0.0153078606914612
31-Jul-1984,0.0627369725100841
31-Aug-1984,0.0173967322339025
30-Sep-1984,0.0285876154168517
31-Oct-1984,0.0495480495990091
30-Nov-1984,0.0220209998664103
31-Dec-1984,0.0113944155638193
31-Jan-1985,0.0320670662483866
28-Feb-1985,-0.0330965694162487
31-Mar-1985,0.0249818726078135
30-Apr-1985,0.0237435958334275
31-May-1985,0.0787530482066153
30-Jun-1985,0.0104073332430333
31-Jul-1985,-0.0108315347856708
31-Aug-1985,0.0265791008671845
30-Sep-1985,0.00673061832380034
31-Oct-1985,0.0271848320625482
30-Nov-1985,0.0348387436466082
31-Dec-1985,0.0461649337352877
31-Jan-1986,0.00234174017333293
28-Feb-1986,0.0713998275590723
31-Mar-1986,0.0581510401067598
30-Apr-1986,0.00685291358629188
31-May-1986,-0.0390275304499058
30-Jun-1986,0.0553940194581817
31-Jul-1986,0.00682082006083801
31-Aug-1986,0.0337318524437661
30-Sep-1986,-0.0288292558401348
31-Oct-1986,0.0138623540025502
30-Nov-1986,0.0194499949225669
31-Dec-1986,0.000364361524646741
31-Jan-1987,0.00952906098189282
28-Feb-1987,0.00528283469560164
31-Mar-1987,-0.0161066822464148
30-Apr-1987,-0.0406120456473284
31-May-1987,-0.011678756584724
30-Jun-1987,0.0143858329356195
31-Jul-1987,-0.0114008366097025
31-Aug-1987,-0.0147814872372847
30-Sep-1987,-0.0321781393468704
31-Oct-1987,0.0568019399605773
30-Nov-1987,0.000279886006564405
31-Dec-1987,0.017919901548435
31-Jan-1988,0.0454408077708304
29-Feb-1988,0.0135937821524456
31-Mar-1988,-0.020225027912093
30-Apr-1988,-0.0123775312934763
31-May-1988,-0.0137768706215982
30-Jun-1988,0.0324444269158235
31-Jul-1988,-0.0119602724198722
31-Aug-1988,-0.000721280623216022
30-Sep-1988,0.0324326507495144
31-Oct-1988,0.0218426363872954
30-Nov-1988,-0.0192504801995702
31-Dec-1988,0.00240501239043506
31-Jan-1989,0.0160241065214635
28-Feb-1989,-0.0122753913526688
31-Mar-1989,0.00904412786750216
30-Apr-1989,0.0258505422763547
31-May-1989,0.0351647981793662
30-Jun-1989,0.0408073101566152
31-Jul-1989,0.025822364793856
31-Aug-1989,-0.0228803311447344
30-Sep-1989,0.00355005785730987
31-Oct-1989,0.0333731875302756
30-Nov-1989,0.0120444389255701
31-Dec-1989,0.000432593235814735
31-Jan-1990,-0.0265503688220694
28-Feb-1990,0.00173805279032429
31-Mar-1990,-0.00210440497373359
30-Apr-1990,-0.0179814573355238
31-May-1990,0.0364980425371139
30-Jun-1990,0.0184406253995037
31-Jul-1990,0.0116814094470471
31-Aug-1990,-0.0255793756428865
30-Sep-1990,0.00999151862271822
31-Oct-1990,0.0185166584204859
30-Nov-1990,0.0332647632116208
31-Dec-1990,0.019004600680343
31-Jan-1991,0.0101077548650215
28-Feb-1991,0.00736684766758201
31-Mar-1991,0.00466045883557627
30-Apr-1991,0.00873387633607916
31-May-1991,0.00398735178758121
30-Jun-1991,-0.00531990302508593
31-Jul-1991,0.00954614693535891
31-Aug-1991,0.032717256982138
30-Sep-1991,0.0307297584888146
31-Oct-1991,0.006225
30-Nov-1991,0.0124762222766273
31-Dec-1991,0.0541076987103563
31-Jan-1992,-0.0362134574507078
29-Feb-1992,0.00888365715957168
31-Mar-1992,-0.0125623142086088
30-Apr-1992,0.00147073191667093
31-May-1992,0.0258333213635033
30-Jun-1992,0.0194476350019152
31-Jul-1992,0.0359994480745885
31-Aug-1992,0.0127870775618268
30-Sep-1992,0.0236895392444155
31-Oct-1992,-0.0253456271179166
30-Nov-1992,-0.00495455863221776
31-Dec-1992,0.0236944232169201
31-Jan-1993,0.0280971847857535
28-Feb-1993,0.0319037774410202
31-Mar-1993,0.005025
30-Apr-1993,0.00354975503472116
31-May-1993,-0.00303140710958277
30-Jun-1993,0.0319947134754014
31-Jul-1993,0.00259797748720878
31-Aug-1993,0.033674927514238
30-Sep-1993,0.00834214356124918
31-Oct-1993,0.00222289113054868
30-Nov-1993,-0.0252797446149943
31-Dec-1993,0.00485833333333333
31-Jan-1994,0.0146031419670897
28-Feb-1994,-0.0282913237540634
31-Mar-1994,-0.0391336246301473
30-Apr-1994,-0.0147914764619913
31-May-1994,-0.00182905225582077
30-Jun-1994,-0.00585394103424403
31-Jul-1994,0.0215760207787684
31-Aug-1994,0.00102984286921191
30-Sep-1994,-0.0235583505499157
31-Oct-1994,-0.00659767713482259
30-Nov-1994,-0.000276241608466737
31-Dec-1994,0.0113555507265405
31-Jan-1995,0.0230410007121929
28-Feb-1995,0.0329165831570166
31-Mar-1995,0.00741703723975517
30-Apr-1995,0.0151555760563282
31-May-1995,0.0620429616727459
30-Jun-1995,0.0118401597140212
31-Jul-1995,-0.0122075684154731
31-Aug-1995,0.0177833548565064
30-Sep-1995,0.0133027153355093
31-Oct-1995,0.0154778578937301
30-Nov-1995,0.0252082327983771
31-Dec-1995,0.0183679141239309
31-Jan-1996,0.00314384947182462
29-Feb-1996,-0.0342843052232439
31-Mar-1996,-0.0101777558926796
30-Apr-1996,-0.0176736995492806
31-May-1996,-0.00796426504205167
30-Jun-1996,0.0142900105286342
31-Jul-1996,0.000618153724990419
31-Aug-1996,-0.00565754629971564
30-Sep-1996,0.0229711131854793
31-Oct-1996,0.0310420216088485
30-Nov-1996,0.0281641490622005
31-Dec-1996,-0.0217725085869632
31-Jan-1997,-0.00185813219089539
28-Feb-1997,0.00327967169183606
31-Mar-1997,-0.0200587043819985
30-Apr-1997,0.0200759276545659
31-May-1997,0.00918541349731723
30-Jun-1997,0.0171151656460673
31-Jul-1997,0.041618269847937
31-Aug-1997,-0.018276421677734
30-Sep-1997,0.0214590646873547
31-Oct-1997,0.0259537130874316
30-Nov-1997,0.00337848693684437
31-Dec-1997,0.0131099269289183
31-Jan-1998,0.0214131396536589
28-Feb-1998,-0.00216307284499539
31-Mar-1998,0.000930130432527837
30-Apr-1998,0.00397470629267063
31-May-1998,0.0137869936634956
30-Jun-1998,0.0137375381941925
31-Jul-1998,-6.10729699784818E-06
31-Aug-1998,0.0393508796994637
30-Sep-1998,0.0527127328588215
31-Oct-1998,-0.0120531873281109
30-Nov-1998,-0.00397283678534046
31-Dec-1998,0.0110355858857664
31-Jan-1999,0.00308808447042656
28-Feb-1999,-0.0442484899293827
31-Mar-1999,0.00747002643511883
30-Apr-1999,-0.00400161938284817
31-May-1999,-0.016580446297735
30-Jun-1999,-0.00797869529654109
31-Jul-1999,-0.00332075783961546
31-Aug-1999,0.000493359805846737
30-Sep-1999,0.0109251047608272
31-Oct-1999,-0.00394699125527699
30-Nov-1999,-0.00671524999450335
31-Dec-1999,-0.0144053894674074
31-Jan-2000,-0.0111104417650517
29-Feb-2000,0.0244234912870278
31-Mar-2000,0.0341436755611053
30-Apr-2000,-0.00960642416999408
31-May-2000,0.000814244862564279
30-Jun-2000,0.0244374503740704
31-Jul-2000,0.00428703918575129
31-Aug-2000,0.0282387817662925
30-Sep-2000,-0.000448046138735365
31-Oct-2000,0.00707488044038182
30-Nov-2000,0.0267693349850591
31-Dec-2000,0.0322897232017952
31-Jan-2001,-0.00110632106989892
28-Feb-2001,0.0253131174245095
31-Mar-2001,0.00332302730993473
30-Apr-2001,-0.0278900101888871
31-May-2001,-0.00161395698520351
30-Jun-2001,0.00528438908024353
31-Jul-2001,0.0315327762060406
31-Aug-2001,0.021382791552515
30-Sep-2001,0.0237704191819734
31-Oct-2001,0.0278471923433974
30-Nov-2001,-0.0339754103901106
31-Dec-2001,-0.0184014431421479
31-Jan-2002,0.004225
28-Feb-2002,0.0190222027575838
31-Mar-2002,-0.0369403436664912
30-Apr-2002,0.0284004678906122
31-May-2002,0.00657291602686202
30-Jun-2002,0.0213830565928197
31-Jul-2002,0.0317881731874193
31-Aug-2002,0.033602202281593
30-Sep-2002,0.0456058686530832
31-Oct-2002,-0.0214171639210337
30-Nov-2002,-0.020027023944997
31-Dec-2002,0.0354444235133705
31-Jan-2003,-0.0106124989759384
28-Feb-2003,0.0272120022322623
31-Mar-2003,-0.00673225851693454
30-Apr-2003,-0.00170615851081594
31-May-2003,0.0467684937947358
30-Jun-2003,-0.0113048635007974
31-Jul-2003,-0.0724107220838549
31-Aug-2003,0.0069207742940244
30-Sep-2003,0.0435731450543998
31-Oct-2003,-0.0262748496268022
30-Nov-2003,0.0028093931188763
31-Dec-2003,0.0092279088962038
31-Jan-2004,0.0124223667221433
29-Feb-2004,0.0172774462796993
31-Mar-2004,0.0139522541849255
30-Apr-2004,-0.0498318388870429
31-May-2004,-0.00645490188445527
30-Jun-2004,0.00703695022478077
31-Jul-2004,0.0133647384091567
31-Aug-2004,0.033608125640247
30-Sep-2004,0.0026350756140111
31-Oct-2004,0.0107406163526176
30-Nov-2004,-0.0213686081025947
31-Dec-2004,0.0132663628937417
31-Jan-2005,0.0115992438598899
28-Feb-2005,-0.0141099799437769
31-Mar-2005,-0.00746719481068307
30-Apr-2005,0.0270631366723593
31-May-2005,0.0205605379506691
30-Jun-2005,0.00821942207564145
31-Jul-2005,-0.0239582967787567
31-Aug-2005,0.0246587099831561
30-Sep-2005,-0.0222160868626248
31-Oct-2005,-0.0145595625572895
30-Nov-2005,0.0101544994035527
31-Dec-2005,0.0117121056693835
31-Jan-2006,-0.00742642902117317
28-Feb-2006,0.00219296145173056
31-Mar-2006,-0.0203738524717007
30-Apr-2006,-0.0121596657236244
31-May-2006,0.000374575481232175
30-Jun-2006,0.00195965021891944
31-Jul-2006,0.0166882739744084
31-Aug-2006,0.023757091963351
30-Sep-2006,0.0118265936640555
31-Oct-2006,0.00623299776857909
30-Nov-2006,0.0157576663966638
31-Dec-2006,-0.0159098430188244
31-Jan-2007,-0.00544260618943056
28-Feb-2007,0.025372413020611
31-Mar-2007,-0.00328558588576658
30-Apr-2007,0.00545106333415283
31-May-2007,-0.0171495138626339
30-Jun-2007,-0.0059700401919015
31-Jul-2007,0.0237535123559603
31-Aug-2007,0.0229767864142315
30-Sep-2007,-0.000164283781643265
31-Oct-2007,0.0125551159899869
30-Nov-2007,0.0452053971439003
31-Dec-2007,-0.00236486006426497
31-Jan-2008,0.0338913636121893
29-Feb-2008,0.0146865892269745
31-Mar-2008,0.00961217099501615
30-Apr-2008,-0.0233978472193536
31-May-2008,-0.0203390833523962
30-Jun-2008,0.00907012493869978
31-Jul-2008,0.003325
31-Aug-2008,0.0164235669114683
30-Sep-2008,0.00155591880129287
31-Oct-2008,-0.00977760195067715
30-Nov-2008,0.0957042029819183
31-Dec-2008,0.0625802393437704
31-Jan-2009,-0.0513041252282996
28-Feb-2009,-0.0103800793035639
31-Mar-2009,0.029316093562814
30-Apr-2009,-0.0357958867535615
31-May-2009,-0.02318983795143
30-Jun-2009,-0.0020918715734652
31-Jul-2009,0.00377265831025358
31-Aug-2009,0.0129633743841416
30-Sep-2009,0.0103888085149647
31-Oct-2009,-0.00559598114602431
30-Nov-2009,0.0197134962278671
31-Dec-2009,-0.0496689316919612
31-Jan-2010,0.0213932178503496
28-Feb-2010,0.00467976849214752
31-Mar-2010,-0.0158118087296883
30-Apr-2010,0.015562948120503
31-May-2010,0.0349758952113329
30-Jun-2010,0.0317785269251198
31-Jul-2010,0.00503936951674921
31-Aug-2010,0.0435654208258708
30-Sep-2010,-0.00317489797316566
31-Oct-2010,-0.00657077852669246
30-Nov-2010,-0.013292970185475
31-Dec-2010,-0.0388136970623489
31-Jan-2011,-0.00727031708441153
28-Feb-2011,0.00285
31-Mar-2011,-0.00131502762657478
30-Apr-2011,0.0154780074715505
31-May-2011,0.0257221207960693
30-Jun-2011,-0.00844106262516098
31-Jul-2011,0.0336040684134477
31-Aug-2011,0.0545809550506199
30-Sep-2011,0.029729363000999
31-Oct-2011,-0.0205979212847706
30-Nov-2011,0.00983550192164288
31-Dec-2011,0.0188412494971384
31-Jan-2012,0.00699376576221712
29-Feb-2012,-0.0119205763325239
31-Mar-2012,-0.0204817606146695
30-Apr-2012,0.0269944143919023
31-May-2012,0.0345321686618332
30-Jun-2012,-0.00595830980307812
31-Jul-2012,0.0160761999233305
31-Aug-2012,-0.004231725886818
30-Sep-2012,-0.00598230935480473
31-Oct-2012,-0.00498189531569428
30-Nov-2012,0.0105604103650289
31-Dec-2012,-0.0131363300857792
31-Jan-2013,-0.019986641941084
28-Feb-2013,0.0133887496559369
31-Mar-2013,0.00337763803759106
30-Apr-2013,0.0170120346706928
31-May-2013,-0.0394478480541603
30-Jun-2013,-0.0296149062925038
31-Jul-2013,-0.0048535697920281
31-Aug-2013,-0.0133408101589118
30-Sep-2013,0.0144614348582367
31-Oct-2013,0.00829338784198021
30-Nov-2013,-0.0133886982816528
31-Dec-2013,-0.0223762443918715
31-Jan-2014,0.0345828078608029
28-Feb-2014,0.00309162885663236
31-Mar-2014,-0.00382886408564151
30-Apr-2014,0.0074722120855357
31-May-2014,0.0188379083698265
30-Jun-2014,-0.00229435942208255
31-Jul-2014,-0.00224193878742445
31-Aug-2014,0.0223902558507713
30-Sep-2014,-0.0128764835270157
31-Oct-2014,0.0170601891070919
30-Nov-2014,0.0170454083312098
31-Dec-2014,0.00270458351805756
31-Jan-2015,0.0463961728980359
28-Feb-2015,-0.0272552446332193
31-Mar-2015,0.00705566442192836
30-Apr-2015,-0.00820901227704145
31-May-2015,-0.00452258230638034
30-Jun-2015,-0.0184735891841046
31-Jul-2015,0.0152572168446295
31-Aug-2015,0.000947182014043293
30-Sep-2015,0.0152336354410393
31-Oct-2015,-0.00716692349003482
30-Nov-2015,-0.00263075659645042
31-Dec-2015,-0.00345940753794823
31-Jan-2016,0.0315311543206054
29-Feb-2016,0.0197609836387352
31-Mar-2016,-0.00217158252144473
30-Apr-2016,-0.00303230480184763
31-May-2016,0.000622325007080261
30-Jun-2016,0.0336881993165187
31-Jul-2016,0.00400197756669848
31-Aug-2016,-0.00975791869177809
30-Sep-2016,-0.000510588503913022
31-Oct-2016,-0.0203308664967419
30-Nov-2016,-0.0450610283178255
31-Dec-2016,-0.00503029825445462
31-Jan-2017,0.00204166666666667
28-Feb-2017,0.00995784038506215
31-Mar-2017,-0.00154466480492844
30-Apr-2017,0.0117089872090694
31-May-2017,0.0089975438876541
30-Jun-2017,-0.00697592606086602
31-Jul-2017,0.00280719708210091
31-Aug-2017,0.0179390211687874
30-Sep-2017,-0.0167319095374843
31-Oct-2017,-0.00245184957396389
30-Nov-2017,-0.00152452152611738
31-Dec-2017,0.00377233240246422
31-Jan-2018,-0.0256503134949289
28-Feb-2018,-0.0105992507272768
31-Mar-2018,0.013613559197892
30-Apr-2018,-0.0156584639988338
31-May-2018,0.0127712912622849
30-Jun-2018,0.000641193528283828
31-Jul-2018,-0.00701848362906545
31-Aug-2018,0.0110481538343857
30-Sep-2018,-0.0137705047577277
31-Oct-2018,-0.0059189510299672
30-Nov-2018,0.0145511271158069
31-Dec-2018,0.0301995086652125
31-Jan-2019,0.00744913378268227
28-Feb-2019,-0.0064448058366308
31-Mar-2019,0.0303517404195223
30-Apr-2019,-0.00672234324458304
31-May-2019,0.0349937051587237
30-Jun-2019,0.0143200028603668
31-Jul-2019,-0.00012249793953471
31-Aug-2019,0.0494321631453912
30-Sep-2019,-0.0151292063707071
31-Oct-2019,0.000490501580506718
30-Nov-2019,-0.00674022733991743
31-Dec-2019,-0.0111035832907737
31-Jan-2020,0.0392291164702012
29-Feb-2020,0.0368121772118828
31-Mar-2020,0.0420675113069869
30-Apr-2020,0.00633953586003062
31-May-2020,-0.000425540850418845
30-Jun-2020,-0.000416714968660355
31-Jul-2020,0.0111520120397647
31-Aug-2020,-0.0157840411913954
30-Sep-2020,0.00347071836198161
31-Oct-2020,-0.01743006365202
30-Nov-2020,0.00453163824857058
31-Dec-2020,-0.00780694533546625
31-Jan-2021,-0.0160834427827971
28-Feb-2021,-0.0294691245540934
31-Mar-2021,-0.0260164754581028
30-Apr-2021,0.00965197302415537
31-May-2021,0.00777684145909273
30-Jun-2021,0.0132840596265738
31-Jul-2021,0.0207469865227657
31-Aug-2021,-0.00453217402836203
30-Sep-2021,-0.0190977123986127
31-Oct-2021,-0.00148113244568424
30-Nov-2021,0.0123496642443941
31-Dec-2021,-0.00706421567822039
31-Jan-2022,-0.0231667507128488
28-Feb-2022,-0.00212084384147815
31-Mar-2022,-0.0416597668536036
30-Apr-2022,-0.0469092216763114
31-May-2022,0.00584261294343234
30-Jun-2022,-0.00871552680641565
31-Jul-2022,0.0293355957752672
31-Aug-2022,-0.0383859649438425
30-Sep-2022,-0.0530439093737401
31-Oct-2022,-0.0186279489652299
30-Nov-2022,0.0380496162389408
31-Dec-2022,-0.0132672577963744
