"date","us_gov_return","sp500_return","inflation"
1947-12-31,0,0,0
1948-01-31,0.00154453782244336,-0.0444481906046303,-0.00843881856540085
1948-02-29,0.00305691211422621,0.0192080378250592,-0.00425531914893618
1948-03-31,0.00366898664651557,0.0818764568764567,0.0170940170940173
1948-04-30,0.00249581020549236,0.0533008658008656,0.00420168067226889
1948-05-31,0.00955027033512158,0.0458720330237359,0.00836820083682022
1948-06-30,-0.00691938071075677,-0.0195204122076893,0.0124481327800829
1948-07-31,-0.00114341728645621,-0.0248680470970363,0.00409836065573765
1948-08-31,0.000482849347127945,-0.00674404015056462,0
1948-09-30,0.00218069968924053,0.0319902707275805,-0.00408163265306127
1948-10-31,-0.000304157387902076,-0.0509059089973236,-0.00819672131147542
1948-11-30,0.00521608019980982,-0.00147155003270105,-0.00413223140495855
1948-12-31,0.00403305839838987,0.0164033355277595,-0.00414937759336109
1949-01-31,0.00508496155635267,-0.033203125,-0.0083333333333333
1949-02-28,0.00309596110273804,0.0150078988941549,0
1949-03-31,0.00451364986620872,0.00419181757209919,0.00420168067226889
1949-04-30,0.00154233609919435,-0.00173494515334682,-0.00418410041841
1949-05-31,0.00279412482780798,-0.0490527740189444,0.00420168067226889
1949-06-30,0.00960569890911999,0.0626938678119779,-0.00836820083682011
1949-07-31,0.0036146383995446,0.0417231255645889,0.00421940928270059
1949-08-31,0.00783806571050032,0.0187486374536734,0.00420168067226889
1949-09-30,0.000482725148867907,0.0315795136647299,-0.00836820083682011
1949-10-31,0.00166338852486194,0.0196664568911264,0.00421940928270059
1949-11-30,0.00202288871891046,0.0325884543761639,-0.00840336134453779
1949-12-31,0.00526911529684487,0.0263502619911327,-0.00423728813559332
1950-01-31,-0.00664241821901885,0.0252764612954188,0
1950-02-28,-0.000902351484648234,0.0138001162115049,0.00425531914893629
1950-03-31,-0.00105443841581669,0.0339097022094139,0
1950-04-30,-0.00102541357596884,0.039190956651719,0.00423728813559321
1950-05-31,7.45316664222029e-05,0.0216919739696311,0.00421940928270059
1950-06-30,-0.00231465049957505,-0.0670579864816792,0.0126050420168067
1950-07-31,0.00253879045324663,0.0665995397008057,0.00829875518672196
1950-08-31,0.00101487840489278,0.0412823295351781,0.00411522633744843
1950-09-30,-0.00209160894703712,0.0474318658280923,0.00819672131147553
1950-10-31,-0.00275619035179603,0.00394229156181836,0.00406504065040636
1950-11-30,-0.000137363666510959,0.00214321734745337,0.0121457489878543
1950-12-31,0.00218640943974545,0.0802109704641352,0.016
1951-01-31,0.00529379617252813,0.043140028288543,0.0118110236220472
1951-02-28,-0.0034314194066013,-0.0110606060606062,0.00389105058365757
1951-03-31,-0.00486302752626609,0.019301895515488,0
1951-04-30,-0.00556249546563121,0.00634884428223836,0.00387596899224807
1951-05-31,-0.0119726700932523,-0.0113999088007296,0
1951-06-30,0.00709686552381909,0.0236272235112143,0
1951-07-31,0.0117364867278584,0.0495896032831737,0
1951-08-31,0.00532069474170344,0.0313091597495267,0.00772200772200793
1951-09-30,-0.00525228541068641,0.00014196479273143,0.00383141762452088
1951-10-31,-0.00489371600644413,-0.0226526826484017,0.00763358778625944
1951-11-30,0.000591471586645355,0.035997357992074,0.0037878787878789
1951-12-31,0.00165353089284122,0.0383383169585647,0
1952-01-31,0.00646966257571429,-0.0132975058564145,-0.00754716981132075
1952-02-29,-0.0113219026238196,0.00750877192982435,0
1952-03-31,0.0119616080597551,0.00206495870082612,0.00380228136882121
1952-04-30,0.00936557799589741,0.00463352990732946,0
1952-05-31,0.00535674381379901,0.0324834948728754,0.0037878787878789
1952-06-30,-0.000732594086706032,0.033668307355756,0.00754716981132075
1952-07-31,-0.00244984347549868,0.00880515683147265,0
1952-08-31,-0.00543781824713444,-0.0110868414085252,0
1952-09-30,-0.00938531209664278,-0.0161420500403551,0
1952-10-31,0.0159324750913722,0.036617202528167,0
1952-11-30,0.00367818845069175,0.0450459448661604,0
1952-12-31,-0.00113278379684106,0.00988863287250386,-0.00374531835205982
1953-01-31,-0.00594509601297147,-0.00773491214667688,-0.00375939849624063
1953-02-28,-0.00385148349267848,0.00957076566125292,0.00377358490566038
1953-03-31,9.97462356483168e-05,-0.0447287418237783,0
1953-04-30,-0.019127794821887,0.0100499123162012,0.00375939849624052
1953-05-31,-0.0229744130102099,-0.0310654857756307,0.00374531835205993
1953-06-30,0.0284961561639242,0.0191370911621433,0
1953-07-31,0.00376934399233499,0.00898860985316308,0.00373134328358193
1953-08-31,-0.00610072991265155,-0.0410687440207737,0
1953-09-30,0.0404773351430587,0.0352026930239222,0.00371747211895923
1953-10-31,-0.00273509539719303,0.0271172298706717,-0.00370370370370376
1953-11-30,-0.00146842050616119,0.0184013605442177,0
1953-12-31,0.0256382136752615,0.0302725198013156,0
1954-01-31,0.00109570004174682,0.0267740246137731,0
1954-02-28,0.00434293797645192,0.0258455034588778,0
1954-03-31,0.00590555180768441,0.0444737172249403,-0.00371747211895901
1954-04-30,0.00932076369435392,0.044215224996984,0.00373134328358193
1954-05-31,-0.0130857646427095,0.0122113934331129,0
1954-06-30,0.00936274081336276,0.0446017495395947,0
1954-07-31,0.00535273667748251,0.0239517645757275,0
1954-08-31,-0.00388672260774724,0.0274162056622191,-0.00371747211895901
1954-09-30,0.0019499164352805,0.0271595124536301,0
1954-10-31,0.00335306263789323,0.0430909467578204,0
1954-11-30,-0.00269456272399499,0.0495913078149919,-0.00373134328358216
1954-12-31,0.0012844506966375,0.0217090839767422,0
1955-01-31,-0.0100700274003023,0.037055243445693,0
1955-02-28,-0.00342727813368255,-0.00434900788257675,0
1955-03-31,0.00337434226400249,0.0380821917808218,0
1955-04-30,-0.00319756171740249,-0.00077242231638408,0
1955-05-31,0.00505627291371489,0.0614583333333334,0
1955-06-30,-0.00855753117858789,0.0764831573655103,0.00374531835205993
1955-07-31,-0.00864035833408159,-0.00296712735222926,0
1955-08-31,0.00435628353003657,0.0481970304030168,0.00373134328358193
1955-09-30,0.00863155088244937,-0.0472297398887387,0
1955-10-31,0.00937087105483952,0.0706680915063722,0
1955-11-30,-0.00546760246251715,0.0123841305153873,-0.00371747211895901
1955-12-31,-0.000245909472639473,-0.0238226434501506,0
1956-01-31,0.012068804960299,0.0095507738769347,0
1956-02-29,0.000190844712467771,0.072117188086128,0
1956-03-31,-0.0178550450453992,0.0148627781287287,0.00373134328358193
1956-04-30,0.00306810571006666,-0.0283385362469649,0.00371747211895923
1956-05-31,0.0169447995007567,-0.00257842715943268,0.00740740740740731
1956-06-30,-0.00356258242464329,0.0575066637850299,0.00735294117647056
1956-07-31,-0.0166937241331233,-0.00281877818778176,-0.00364963503649629
1956-08-31,-0.0158812482594324,-0.0308654705437547,0.00366300366300365
1956-09-30,0.00896464300019918,-0.00958938229433537,0.00364963503649651
1956-10-31,-0.00804302286175011,-0.0071907439446367,0
1956-11-30,0.000564303536152252,0.0180288461538463,0.00363636363636366
1956-12-31,-0.0147007479750855,-0.0186261843238587,0
1957-01-31,0.0448344803882276,-0.0399699170885612,0.00362318840579712
1957-02-28,-0.00929202677434074,0.0161989111264473,0.00361010830324915
1957-03-31,0.00179739641985385,0.0264403058520704,0.00359712230215825
1957-04-30,-0.0102279609286298,0.0416019237883833,0.00358422939068115
1957-05-31,-0.00926208027269455,0.0195418269915917,0.00357142857142856
1957-06-30,-0.0142389848462443,0.0232386961093587,0.00711743772241991
1957-07-31,0.00356906871033732,-0.0520339448910876,0
1957-08-31,0.00979569669445544,-0.0373763816172195,0
1957-09-30,-0.0136248361615537,-0.0589472487494315,0
1957-10-31,0.0110891040795425,-0.0179841577756223,0.00353356890459366
1957-11-30,0.0511127156887805,0.00320115654688147,0
1957-12-31,0.0283848324552202,0.0232663856517068,0.00704225352112675
1958-01-31,-0.00651192867958504,0.00701199740596636,0
1958-02-28,0.0126675839586795,0.0241759573436744,0.00699300699300687
1958-03-31,0.0142641720823734,0.00894482704029143,0.0034722222222221
1958-04-30,0.0100721259991144,0.0355455833726972,0
1958-05-31,-0.00519598126604272,0.0273264683447749,0
1958-06-30,-0.00466552828368144,0.030707635009311,0.0034602076124568
1958-07-31,-0.0133233097616239,0.0405429897056693,-0.00344827586206897
1958-08-31,-0.0451897694649253,0.0294374563242488,0
1958-09-30,0.00353600761668966,0.0436070261437909,0
1958-10-31,0.00658029020893767,0.0332679097154072,0.0034602076124568
1958-11-30,0.00829081006207121,0.0216349206349207,-0.00344827586206897
1958-12-31,-0.0169709209737288,0.042562472736337,0.0034602076124568
1959-01-31,-0.00496930043861066,-0.0126453314155578,-0.00344827586206897
1959-02-28,0.0193983060185172,0.0280719371918932,0
1959-03-31,-0.0114788656586316,0.0193791547958215,0.0034602076124568
1959-04-30,-0.0146332053998698,0.0176590776415646,0
1959-05-31,0.00478243497215223,-0.00605302507476424,0.00344827586206908
1959-06-30,-0.00181657557727259,0.0422902888966237,0.00343642611683848
1959-07-31,-0.0106306785430566,-0.00318044861064626,0
1959-08-31,-0.00313246764681279,-0.0370230078563413,0.0034246575342467
1959-09-30,0.00415224319338751,0.00178206251825874,0.00341296928327628
1959-10-31,0.00367238845163516,0.00669590643274853,0
1959-11-30,0.000271520834894853,0.0346409225930457,0
1959-12-31,-0.00994161503289832,-0.0148013319787786,-0.00340136054421758
1960-01-31,0.00960346870861304,-0.0360445746452984,0.00341296928327628
1960-02-29,0.0221809124193534,-0.0107266642763236,0
1960-03-31,0.0327494920827758,0.015842723857991,0.0034013605442178
1960-04-30,-0.0196942297597244,-0.00623542077875461,0
1960-05-31,0.0188542940363132,0.0398859109018472,0.00338983050847452
1960-06-30,0.00185747193741585,-0.0219612294795668,0
1960-07-31,0.0353883044795173,0.0149086676217765,0
1960-08-31,-0.000441067218492071,-0.027207573880729,0
1960-09-30,0.00729863951113556,-0.0167396460499909,0.0067567567567568
1960-10-31,-0.00354576951152931,0.0354085241019915,0
1960-11-30,-0.00490922339763757,0.0269064359113034,0
1960-12-31,0.0245504479629553,0.0542693661971831,0
1961-01-31,-0.00624375450691011,0.0437318597901317,0
1961-02-28,0.0129046878924188,0.0339660071846013,0
1961-03-31,-0.00355654296026977,0.0291900603035973,0
1961-04-30,0.00842230858798407,0.0126335510658766,0
1961-05-31,-0.00353694453505305,-0.0108020050125314,0
1961-06-30,-0.0026299356021845,-0.000266686985675335,0.00671140939597303
1961-07-31,-0.00514335338258904,0.0383939486552567,-0.00333333333333341
1961-08-31,0.00315244237465522,-0.00540886069725144,0.00334448160535117
1961-09-30,0.0141136401105375,0.013455248290217,0
1961-10-31,0.00124584257062763,0.0477450980392158,0
1961-11-30,-0.00732844887197863,0.0116535359219658,0
1961-12-31,-0.00136115000381252,-0.0348596784685438,0
1962-01-31,0.000150797684163523,0.0190989817093772,0.00333333333333341
1962-02-28,0.0115367641034932,0.0034178296781544,0
1962-03-31,0.0147780686094069,-0.0294375681699627,0.00332225913621254
1962-04-30,0.00321666666666667,-0.0718466813617438,0
1962-05-31,-4.69830950910808e-05,-0.114118643170874,0
1962-06-30,-0.00487009743682651,0.0271885673197914,0.00331125827814582
1962-07-31,9.15085347056653e-05,0.0302352115148323,0
1962-08-31,0.0098752073558203,-0.00592390066074289,0.00330033003300323
1962-09-30,0.00492869624743589,-0.0285344827586207,0
1962-10-31,0.00491359281577888,0.0720283662690642,0
1962-11-30,0.00326666666666667,0.0462608261159227,0
1962-12-31,0.00899178419547489,0.0414804171988079,0
1963-01-31,0.00157415629057763,0.0159596270109641,0
1963-02-28,-0.00247543686602606,-0.00107453478964414,0.00328947368421062
1963-03-31,0.00246937561328245,0.0498071163900311,0
1963-04-30,0.00329166666666667,0.0227118479736281,0
1963-05-31,0.00247809908052241,0.00218610398251129,0.00327868852459012
1963-06-30,5.19610252693063e-05,-0.0122188941187658,0.00326797385620914
1963-07-31,0.00333333333333333,0.0303194826504514,0
1963-08-31,0.00171086846283423,0.0289400770170001,0
1963-09-30,-0.000696469269923359,0.00502173415694362,0.00325732899022801
1963-10-31,-0.00305798135118531,-0.0030352823040759,0
1963-11-30,0.00912068191289905,0.023960341503718,0.00324675324675328
1963-12-31,-0.00143954631593397,0.0333243449732596,0
1964-01-31,0.00264379399776842,0.0148136036625244,0
1964-02-29,0.00104317600664216,0.020728345608821,0
1964-03-31,-0.000532342333710861,0.0169521996615907,0
1964-04-30,0.00432851806706891,0.0122174964556752,0
1964-05-31,0.00593067202244995,-0.00348942847703992,0.00323624595469263
1964-06-30,0.00671649067559254,0.0396311066799602,0.00322580645161286
1964-07-31,0.00023965952562243,-0.0122366418328927,-0.00321543408360137
1964-08-31,0.00188386413753849,0.0196747967479673,0.00322580645161286
1964-09-30,0.00592349066002462,0.0197218558925787,0
1964-10-31,0.00509497576766243,0.00938911805146336,0.00321543408360125
1964-11-30,0.00024952776222114,-0.0148837390761549,0
1964-12-31,0.00269609873543591,0.0282277274892806,0
1965-01-31,0.00511767023718879,0.00976350828301586,0
1965-02-28,0.00108111246546016,0.00337175792507205,0.00320512820512819
1965-03-31,0.00512523611888943,0.0155956082767092,0.00319488817891367
1965-04-30,0.00269609873543591,0.017344928195218,0
1965-05-31,0.00190206306651563,-0.0450548835125447,0.00636942675159236
1965-06-30,0.00593785417833415,0.0010485261837565,0
1965-07-31,0.00189296386586229,0.0211989164998234,0
1965-08-31,-0.000491363497288345,0.0359771842602228,0
1965-09-30,-0.00283015010649812,0.0249869471171775,0.00316455696202533
1965-10-31,-0.00115272318409508,0.0107779844621949,0
1965-11-30,-0.00188052835726436,-0.00209802857659602,0.00315457413249209
1965-12-31,-0.00965055111755878,0.0198226679748537,0
1966-01-31,0.000731793270096242,-0.00428632661808825,0.00628930817610063
1966-02-28,-0.0216237315898991,-0.0386053871327363,0.00312500000000004
1966-03-31,0.0285202053433423,0.0332283228322832,0.00623052959501535
1966-04-30,-0.00233184262954418,-0.0500636826783114,0
1966-05-31,0.00320992958505278,-0.00557924252900055,0.00309597523219818
1966-06-30,-0.00918375853814691,0.000203346502440249,0.00308641975308643
1966-07-31,-0.00203923046508985,-0.0576751320285803,0.00615384615384618
1966-08-31,-0.0193985031092388,-0.0322277330026867,0
1966-09-30,0.0307724305269668,-0.00565480015422193,0.00611620795107015
1966-10-31,0.00806090937396466,0.053157007649423,0
1966-11-30,-0.00740960688963703,0.00715108861176272,0
1966-12-31,0.0420743162541331,0.0413131685724826,0
1967-01-31,0.0133723929633369,0.0373100453917505,0
1967-02-28,-0.0119271357367672,0.0263469169719168,0.00303951367781163
1967-03-31,0.0213770204167876,0.0199246999179898,0.00303030303030316
1967-04-30,-0.0181592671720089,0.0205768103195545,0.00302114803625386
1967-05-31,0.00163922607494704,-0.009918277711776,0.0030120481927709
1967-06-30,-0.0274179773276604,0.0199332822924643,0.00300300300300305
1967-07-31,0.00896187698893761,0.0185195140307493,0.00299401197604787
1967-08-31,-0.00411180725840751,0.0165449606660317,0.00298507462686581
1967-09-30,0.00133852424459089,0.000974150227881498,0.00297619047619047
1967-10-31,-0.0203805259937592,-0.0288173391873997,0.00296735905044487
1967-11-30,-0.00278217382322181,0.0311173465716958,0.00295857988165693
1967-12-31,0.00778173598987372,-0.000166142007694825,0.00589970501474935
1968-01-31,0.0168327412400852,-0.0425610269360269,0.00293255131964809
1968-02-29,0.00310772327830628,-0.0155831037649219,0.002923976608187
1968-03-31,-0.0103172094802794,0.0766266322445468,0.00291545189504383
1968-04-30,0.00629643476464423,0.0255914428068709,0.00290697674418605
1968-05-31,-0.00414574504560053,0.0294182759442798,0.00579710144927548
1968-06-30,0.0214203506625061,0.000497512437810821,0.0057636887608068
1968-07-31,0.0237112221887859,-0.0193253572615487,0.00286532951289398
1968-08-31,0.00221349942593562,0.0350881663438996,0.00285714285714289
1968-09-30,-0.000781805251793002,0.0271799934188877,0.0056980056980056
1968-10-31,-0.00445772095677199,0.0178709055876687,0.00283286118980164
1968-11-30,-0.00802124310781892,0.0128636938646425,0.00282485875706229
1968-12-31,-0.0230721336512859,-0.0398435054773083,0.0028169014084507
1969-01-31,0.00293460445659034,-0.00237745098039222,0.00561797752808979
1969-02-28,4.43450916442619e-05,-0.0191297208538588,0.0083798882681565
1969-03-31,0.00229971627674043,0.0227509231285667,0.0055401662049861
1969-04-30,0.0125757468460846,0.0351431391905233,0.00275482093663926
1969-05-31,-0.0207772730313004,-0.0497052262587634,0.00549450549450547
1969-06-30,-0.00669070936000977,-0.0420449196422568,0.00546448087431672
1969-07-31,0.0106301842764051,-0.00283321015028315,0.00543478260869579
1969-08-31,-0.00655261865234141,0.00629114461669156,0.00270270270270268
1969-09-30,-0.0412673247736316,0.0134641836842662,0.0053908355795147
1969-10-31,0.0466371489660605,0.00998045784477952,0.00536193029490617
1969-11-30,-0.0186247718671387,-0.0502719745002251,0.00533333333333341
1969-12-31,-0.0340069561525714,-0.00589031573555765,0.00265251989389914
1970-01-31,0.0154491204912042,-0.0319547484590116,0.00529100529100535
1970-02-28,0.0667808564912123,0.0201258222426191,0.00526315789473686
1970-03-31,-0.00692126613279523,-0.027476969355142,0.00785340314136107
1970-04-30,-0.04450553552662,-0.111983711460151,0.00259740259740271
1970-05-31,-0.00228775636272821,-0.00269524059952664,0.00518134715025886
1970-06-30,0.025130400264107,0.00522555893636723,0.00515463917525771
1970-07-31,0.0272374075887578,0.0325651523155486,0
1970-08-31,-0.00145306369224217,0.0632165468856947,0.00512820512820511
1970-09-30,0.0201891553526505,0.0248748688140794,0.00510204081632648
1970-10-31,0.00329047790045184,0.00205444273240873,0.00507614213197982
1970-11-30,0.0668368358175051,0.0715669988925802,0.00505050505050497
1970-12-31,0.00468570325172478,0.04109753840459,0
1971-01-31,0.0356037951971893,0.0415017648946412,0.00251256281407031
1971-02-28,0.00140206147193706,0.0283098204784953,0.00250626566416035
1971-03-31,0.0512034781305997,0.0367386211512719,0.00249999999999995
1971-04-30,-0.0359051534717047,-0.011084142394822,0.00498753117206974
1971-05-31,-0.0167308526494742,-0.0159612860892387,0.0074441687344915
1971-06-30,-0.0175988617176578,-0.00462962962962954,0.00246305418719217
1971-07-31,-0.00508582327881262,-0.0151767676767678,0.00245700245700231
1971-08-31,0.047312817263972,0.0248611682435211,0
1971-09-30,0.0259341930250087,-0.0186452045606976,0.00245098039215685
1971-10-31,0.0146687163300935,-0.0437180936718403,0
1971-11-30,0.000441481560636542,0.0716300208378242,0.00488997555012238
1971-12-31,0.00791391943449154,0.0442254041880945,0
1972-01-31,-0.00981709521814107,0.0208696353662472,0.00486618004866179
1972-02-29,0.00876480407124342,0.026196134347275,0.00242130750605329
1972-03-31,-0.000848750795401699,0.0125889817393994,0.00241545893719808
1972-04-30,0.00363082458877496,-0.00775888480392162,0.00240963855421694
1972-05-31,0.0117552690104221,0.00516094088517471,0.00240384615384626
1972-06-30,-0.00230084972312533,-0.00503858024691362,0.00479616306954433
1972-07-31,0.00733078154827567,0.0378420398009949,0.00238663484486867
1972-08-31,-0.0166578745619552,-0.0121021021021021,0.00238095238095237
1972-09-30,-0.00330582976413448,0.00418951858622796,0.00475059382422782
1972-10-31,0.0148827028501322,0.0525623479318735,0.00236406619385354
1972-11-30,0.0148304086157597,0.0231320590790618,0.00235849056603787
1972-12-31,-0.00419936951679887,0.00990070921985819,0.00235294117647067
1973-01-31,-0.00403548224447894,-0.0332488738738739,0.00704225352112675
1973-02-28,-0.00173057083309154,-0.0134486281377699,0.00932400932400923
1973-03-31,-0.000902924563142395,-0.0163182087781732,0.00692840646651272
1973-04-30,0.00775666411936372,-0.0256875188878815,0.00688073394495414
1973-05-31,-0.0107172053586901,-0.0198849502487563,0.00683371298405477
1973-06-30,0.00506659972574155,0.012118320610687,0.0022624434389138
1973-07-31,-0.0281753860578312,-0.0163437303087587,0.0180586907449212
1973-08-31,0.0187668561275685,0.0199662813102119,0.00221729490022171
1973-09-30,0.0308803526728522,0.0423847853535355,0.00884955752212391
1973-10-31,0.0193499444103996,-0.0685033394049787,0.00657894736842102
1973-11-30,0.00702453505036838,-0.0680228758169935,0.0065359477124185
1973-12-31,-0.00932821160371133,0.0170218752198072,0.00865800865800859
1974-01-31,-0.00131491916975271,-0.0247112683383623,0.0128755364806867
1974-02-28,0.00512715873771938,0.045764223292313,0.0127118644067796
1974-03-31,-0.0219044350622397,-0.0481492884510127,0.00418410041841
1974-04-30,-0.0109748141101534,-0.0270387194462469,0.0125
1974-05-31,0.0160470657970368,0.00459090740121204,0.00823045267489708
1974-06-30,-0.0019725421321046,-0.113440620707577,0.00816326530612232
1974-07-31,-0.0106097273640052,-0.0376161055772707,0.0121457489878543
1974-08-31,-0.00822038991766072,-0.100103029505897,0.012
1974-09-30,0.0182768798986209,0.0237693286357408,0.00988142292490113
1974-10-31,0.0168475500997102,0.0374423963133639,0.00782778864970646
1974-11-30,0.0167906776651309,-0.0609144131586284,0.00776699029126204
1974-12-31,0.0230217444841625,0.0863525669698326,0.0038535645472062
1975-01-31,-0.00280281343274856,0.108105935317898,0.00767754318618041
1975-02-28,0.0111197730470271,0.049760715771952,0.00380952380952393
1975-03-31,-0.0309346172679742,0.0148802419033978,0.00379506641366212
1975-04-30,-0.0133246528561407,0.0671427447277306,0.00567107750472595
1975-05-31,0.0251388707575308,0.0289585645578987,0.00751879699248126
1975-06-30,0.0121157220203934,0.00431998556998558,0.0111940298507462
1975-07-31,-0.00944354827882026,-0.0699625184704653,0.00184501845018437
1975-08-31,0.00549476571468663,-0.00852681522965026,0.00552486187845314
1975-09-30,-0.0103550218960043,0.0497027676075745,0.00549450549450547
1975-10-31,0.0457387438349274,0.0204075872191487,0.00728597449908919
1975-11-30,-0.00885590248143919,-0.0118056326560821,0.00361663652802902
1975-12-31,0.0327359533917501,0.0954528372792183,0.00180180180180178
1976-01-31,0.00373963588826114,0.0417871154243237,0.00359712230215825
1976-02-29,0.00854798567285769,0.00802683896620282,0.00179211469534057
1976-03-31,0.0140209182084674,0.0109709858226179,0.00357781753130593
1976-04-30,0.00569764455349079,-0.00381092574419373,0.00713012477718356
1976-05-31,-0.0132403256572602,0.00902503293807633,0.00530973451327421
1976-06-30,0.0134328796728929,0.0266781270464964,0.00528169014084523
1976-07-31,0.00655,-0.00558221369161882,0.00525394045534155
1976-08-31,0.0202698512881227,0.0244030332365279,0.00348432055749126
1976-09-30,0.0139661549471896,-0.0310268562401264,0.00520833333333326
1976-10-31,0.0153051349561056,-0.00361465489041546,0.0017271157167531
1976-11-30,0.0351364917535076,0.0379199604743083,0.00344827586206908
1976-12-31,0.0200928913683197,-0.0053326965934416,0.00515463917525771
1977-01-31,-0.0352687329680108,-0.0236512524084779,0.0102564102564102
1977-02-28,0.0027045744159865,-0.000503300330033096,0.00676818950930613
1977-03-31,0.00828836447704991,-0.0118870112657389,0.00840336134453779
1977-04-30,0.00410607798292519,0.00068988726232555,0.00499999999999989
1977-05-31,0.0110703951040436,0.00904549750236261,0.0066334991708128
1977-06-30,0.0187533351577954,0.0128663510927587,0.00494233937397026
1977-07-31,-0.00925356172058912,-0.0207501663339986,0.00327868852459012
1977-08-31,0.0159509362941747,-0.0117135549872123,0.00326797385620914
1977-09-30,-0.00295081639522787,-0.0219266341057883,0.00325732899022801
1977-10-31,-0.00825640375693552,0.00985882938624583,0.00487012987012991
1977-11-30,0.0111754319360905,-0.000751308160090614,0.00323101777059787
1977-12-31,-0.00940262010148998,-0.0338680451929225,0.00644122383252821
1978-01-31,-0.00435765166929032,-0.00967682363804245,0.00639999999999996
1978-02-28,-0.000129211391677922,0.00269723533378285,0.00794912559618433
1978-03-31,-0.000684729719896344,0.0483374615326879,0.00788643533123023
1978-04-30,0.000773381820790369,0.0550731672239602,0.00938967136150226
1978-05-31,-0.00507566900726866,0.00676693015775243,0.0108527131782947
1978-06-30,-0.00613768644762625,-0.000588777390948203,0.00766871165644178
1978-07-31,0.0111399340508731,0.0733100113180369,0.00456621004566204
1978-08-31,0.0184269666643721,0.00402630734680787,0.00757575757575757
1978-09-30,-0.00421870203302927,-0.0277189605389799,0.00902255639097738
1978-10-31,-0.01879146113827,-0.0543654738237244,0.00447093889716865
1978-11-30,0.0139758751285774,0.0192429521697814,0.00445103857566753
1978-12-31,-0.011259246196194,0.0418877674886413,0.00886262924667647
1979-01-31,0.0205929829237335,-0.0105305385618292,0.0117130307467057
1979-02-28,-0.00667218615930888,0.0234483694730054,0.0101302460202606
1979-03-31,0.0115053796418402,0.0243506493506493,0.0114613180515759
1979-04-30,-0.00770514331484739,-0.0188948743062356,0.0127478753541077
1979-05-31,0.02650643721433,0.0242153815301314,0.0111888111888112
1979-06-30,0.0238582036737847,0.0142576204523108,0.0110650069156293
1979-07-31,-0.00559285618686691,0.0501866277182732,0.00957592339261293
1979-08-31,-0.00722023692079666,0.0154484792054623,0.0108401084010841
1979-09-30,-0.00499847523472101,-0.0334868017188458,0.00804289544235925
1979-10-31,-0.0691447740184911,-0.00318979266347685,0.00930851063829796
1979-11-30,0.0296810690789578,0.0440774670523947,0.0105401844532278
1979-12-31,0.0117075213888842,0.0331632653061225,0.0143415906127771
1980-01-31,-0.0387158406200598,0.0439960925758942,0.01413881748072
1980-02-29,-0.0789285014347169,-0.0877421220005782,0.0152091254752851
1980-03-31,0.0150520486194275,-0.0115807067812799,0.0112359550561798
1980-04-30,0.123456479446549,0.0503964401294499,0.00987654320987641
1980-05-31,0.0402579984649017,0.0686629526462395,0.011002444987775
1980-06-30,0.0184246972503872,0.0497236765561373,0
1980-07-31,-0.0318355538453126,0.0350792988313857,0.00725513905683184
1980-08-31,-0.0369696098472415,0.028387314439946,0.00840336134453779
1980-09-30,-0.008175174393798,0.0332674571805005,0.00952380952380949
1980-10-31,-0.0237474998835026,0.0461661546338965,0.008254716981132
1980-11-30,-0.00403988073775227,-0.0124293785310734,0.00935672514619879
1980-12-31,0.0268743992113181,0.000124843945068731,0.00811123986095019
1981-01-31,-0.0035322030615689,-0.0306766917293232,0.010344827586207
1981-02-28,-0.0298905290565459,0.0414589823468328,0.00682593856655278
1981-03-31,0.0275661876497306,0.0129629629629631,0.00677966101694905
1981-04-30,-0.0405448403719446,-0.0161520337301588,0.0078563411896746
1981-05-31,0.0445736132650265,0.00859908883826899,0.00890868596881966
1981-06-30,-0.00784704438232307,-0.0201373141849334,0.011037527593819
1981-07-31,-0.0301018647463251,0.00805577072037167,0.00764192139737996
1981-08-31,-0.0247782311141546,-0.0829989711934156,0.00975081256771393
1981-09-30,-0.00831804230558861,0.0173006480698787,0.00214592274678105
1981-10-31,0.075515579432952,0.030460489705064,0.00321199143468953
1981-11-30,0.0940642715819869,0.0118185516680227,0.00320170757737448
1981-12-31,-0.0339396438164794,-0.0480210016155088,0.00319148936170199
1982-01-31,0.003253751173052,-0.0191176470588235,0.00318133616118765
1982-02-28,0.0175802945069124,-0.0274235807860262,-0.00105708245243119
1982-03-31,0.00383229726198598,0.0547157039711192,0.00423280423280437
1982-04-30,0.0282549727572495,0.00571797076526237,0.00948366701791348
1982-05-31,0.0200954716574875,-0.0526847079037801,0.012526096033403
1982-06-30,-0.0264441596032912,0.002446065025828,0.00515463917525771
1982-07-31,0.0526320819519355,0.00795246800731242,0.00205128205128213
1982-08-31,0.0594902399218468,0.12097386812519,0.00204708290685773
1982-09-30,0.0730160500852315,0.0888208061002176,0.00306435137895811
1982-10-31,0.0711689515088788,0.0450012559658377,-0.00203665987780044
1982-11-30,0.00412572764679357,0.0135590152063723,-0.00408163265306127
1982-12-31,0.0352533894359174,0.0392635102821617,0.00204918032786883
1983-01-31,-0.0177517372260209,0.0213097713097712,0.0010224948875257
1983-02-28,0.0414912120675149,0.0386637148047229,0
1983-03-31,-0.0125870927635637,0.0419793723941186,0.00715015321756884
1983-04-30,0.0303064607993022,0.0442454026632846,0.00608519269776875
1983-05-31,-0.0238099417365775,0.0175401178143411,0.00302419354838701
1983-06-30,7.2709022606525e-05,0.00709134615384621,0.00402010050251267
1983-07-31,-0.0369890585934059,-0.0240618762475049,0.00300300300300305
1983-08-31,-0.00277126927347252,0.0331486042692939,0.00499001996007986
1983-09-30,0.0415240000250391,0.00649421850079746,0.00297914597815296
1983-10-31,-0.00777660019720112,-0.0113993241900219,0.00198019801980198
1983-11-30,0.0161587307460914,-0.00126614205004028,0.000988142292490002
1983-12-31,-0.00123579815219664,0.0157745336577453,0.00592300098716692
1984-01-31,0.0185295995950282,-0.0511067708333333,0.00490677134445527
1984-02-29,-0.0113664850901991,0.00443949989404535,0.00195312499999978
1984-03-31,-0.0173552177521312,0.00509318085556965,0.00487329434697847
1984-04-30,-0.00558206046255318,-0.00250105752961094,0.00290979631425814
1984-05-31,-0.0470264017251732,-0.0184599829714773,0.00290135396518365
1984-06-30,0.0153078606914612,-0.0090735902460265,0.00385728061716484
1984-07-31,0.0627369725100841,0.0920803000220607,0.00384245917387127
1984-08-31,0.0173967322339025,0.014081508515815,0.00478468899521522
1984-09-30,0.0285876154168517,-0.00409893638370451,0.00285714285714289
1984-10-31,0.0495480495990091,0.0128843042071198,0
1984-11-30,0.0220209998664103,-0.00705051112447397,0
1984-12-31,0.0113944155638193,0.0469959473150963,0.00189933523266861
1985-01-31,0.0320670662483866,0.0578962703962704,0.00473933649289093
1985-02-28,-0.0330965694162487,-0.00476322093237525,0.00377358490566038
1985-03-31,0.0249818726078135,0.0102610553697511,0.00469924812030076
1985-04-30,0.0237435958334275,0.0273671096345516,0.00374181478016822
1985-05-31,0.0787530482066153,0.025121687398594,0.00279589934762337
1985-06-30,0.0104073332430333,0.0224854420328215,0.0018587360594795
1985-07-31,-0.0108315347856708,-0.0184372294372294,0.00185528756957321
1985-08-31,0.0265791008671845,-0.0188351920693929,0.00277777777777777
1985-09-30,0.00673061832380034,0.0149646931015752,0.0036934441366574
1985-10-31,0.0271848320625482,0.0642141066953097,0.00275988960441587
1985-11-30,0.0348387436466082,0.0529535864978903,0.00275229357798157
1985-12-31,0.0461649337352877,0.00753336549284445,0.00274473924977126
1986-01-31,0.00234174017333293,0.0569884726224785,-0.00273722627737227
1986-02-28,0.0713998275590723,0.0618429048921301,-0.00457456541628543
1986-03-31,0.0581510401067598,0.0274250251112067,-0.00183823529411764
1986-04-30,0.00685291358629188,0.00492647058823525,0.00276243093922668
1986-05-31,-0.0390275304499058,0.0313417190775682,0.00550964187327829
1986-06-30,0.0553940194581817,-0.0180255469493138,0
1986-07-31,0.00682082006083801,0.0228247293921733,0.00182648401826491
1986-08-31,0.0337318524437661,-0.024547619047619,0.0045578851412944
1986-09-30,-0.0288292558401348,-0.000891733109525839,0.000907441016333888
1986-10-31,0.0138623540025502,0.0353341757933163,0.0009066183136901
1986-11-30,0.0194499949225669,0.0170950632394942,0.000905797101449224
1986-12-31,0.000364361524646741,0.066740412979351,0.00633484162895925
1987-01-31,0.00952906098189282,0.0646250787649651,0.00359712230215825
1987-02-28,0.00528283469560164,0.0437700249199005,0.00448028673835132
1987-03-31,-0.0161066822464148,-0.00854700854700852,0.00535236396074934
1987-04-30,-0.0406120456473284,0.00174559281023168,0.0035492457852706
1987-05-31,-0.011678756584724,0.0450017295053613,0.00353669319186567
1987-06-30,0.0143858329356195,0.031234793187348,0.00264317180616747
1987-07-31,-0.0114008366097025,0.0645517574975811,0.00527240773286475
1987-08-31,-0.0147814872372847,-0.0302924509208661,0.00524475524475521
1987-09-30,-0.0321781393468704,-0.118525781821985,0.00260869565217381
1987-10-31,0.0568019399605773,-0.123019271948608,0.000867302688638327
1987-11-30,0.000279886006564405,-0.0133299319727892,0
1987-12-31,0.017919901548435,0.0424827109266943,0.00259965337954937
1988-01-31,0.0454408077708304,0.0333000665335996,0.00259291270527218
1988-02-29,0.0135937821524456,0.0323356580136898,0.0043103448275863
1988-03-31,-0.020225027912093,-0.00883201605821093,0.0051502145922746
1988-04-30,-0.0123775312934763,-0.0218519928915969,0.00341588385994873
1988-05-31,-0.0137768706215982,0.0600123649616033,0.00425531914893607
1988-06-30,0.0324444269158235,-0.00304457579115869,0.00423728813559321
1988-07-31,-0.0119602724198722,-0.017162145423015,0.00421940928270037
1988-08-31,-0.000721280623216022,0.0192959170774871,0.00672268907563023
1988-09-30,0.0324326507495144,0.0380441542288557,0.003338898163606
1988-10-31,0.0218426363872954,-0.0201754385964911,0.000831946755407653
1988-11-30,-0.0192504801995702,0.0232933579335792,0.00166251039068999
1988-12-31,0.00240501239043506,0.0351446654611212,0.00497925311203318
1989-01-31,0.0160241065214635,0.0330238262088298,0.0041288191577209
1989-02-28,-0.0122753913526688,-0.00158446712018157,0.00575657894736836
1989-03-31,0.00904412786750216,0.035670766427514,0.00654129190515129
1989-04-30,0.0258505422763547,0.041181497408755,0.00568643379366374
1989-05-31,0.0351647981793662,0.0339731336943825,0.00242326332794818
1989-06-30,0.0408073101566152,0.0280146225929359,0.00241740531829171
1989-07-31,0.025822364793856,0.0469393391583812,0.00160771704180052
1989-08-31,-0.0228803311447344,0.00459944220042297,0.0032102728731942
1989-09-30,0.00355005785730987,0.00287935502447434,0.00479999999999992
1989-10-31,0.0333731875302756,-0.0181059297639607,0.00238853503184733
1989-11-30,0.0120444389255701,0.0274005486968452,0.0015885623510723
1989-12-31,0.000432593235814735,-0.022093134442532,0.0103092783505156
1990-01-31,-0.0265503688220694,-0.0252497769411028,0.00470957613814749
1990-02-28,0.00173805279032429,0.0270943662682201,0.00546874999999991
1990-03-31,-0.00210440497373359,0.00198940298213479,0.00155400155400165
1990-04-30,-0.0179814573355238,0.038537169554675,0.00232738557020928
1990-05-31,0.0364980425371139,0.0317249583630741,0.00541795665634681
1990-06-30,0.0184406253995037,0.0017134215710759,0.00384911470361815
1990-07-31,0.0116814094470471,-0.0785999314871908,0.00920245398773001
1990-08-31,-0.0255793756428865,-0.0433988410178885,0.00835866261398177
1990-09-30,0.00999151862271822,-0.0231312682962916,0.00602863602110038
1990-10-31,0.0185166584204859,0.0298607493270817,0.00224719101123605
1990-11-30,0.0332647632116208,0.0458863268736718,0
1990-12-31,0.019004600680343,-0.00684664131812418,0.0059790732436471
1991-01-31,0.0101077548650215,0.116068594017225,0.00148588410104034
1991-02-28,0.00736684766758201,0.0304454443401607,0.00148367952522244
1991-03-31,0.00466045883557627,0.0225927617205688,0.00148148148148142
1991-04-30,0.00873387633607916,-0.00178659221800814,0.00295857988165693
1991-05-31,0.00398735178758121,0.00347231408238313,0.00294985250737478
1991-06-30,-0.00531990302508593,0.00781367028822677,0.00147058823529411
1991-07-31,0.00954614693535891,0.0267995686821132,0.00293685756240825
1991-08-31,0.032717256982138,-0.00302174285225132,0.00439238653001461
1991-09-30,0.0307297584888146,0.00181000344352622,0.00145772594752192
1991-10-31,0.006225,0.000152932864626365,0.0029112081513829
1991-11-30,0.0124762222766273,0.00934563294637902,0.00072568940493456
1991-12-31,0.0541076987103563,0.0735888394121129,0.00145032632342268
1992-01-31,-0.0362134574507078,-0.00600044863167337,0.00362056480811002
1992-02-29,0.00888365715957168,-0.0101157003425765,0.00505050505050519
1992-03-31,-0.0125623142086088,0.00264303482587058,0.00143575017946862
1992-04-30,0.00147073191667093,0.0206835047413334,0.00143369175627228
1992-05-31,0.0258333213635033,-0.013291225701727,0.00357909806728696
1992-06-30,0.0194476350019152,0.0191254153705473,0.0021398002853068
1992-07-31,0.0359994480745885,0.00942255953098003,0.00284697508896792
1992-08-31,0.0127870775618268,0.0037885132278932,0.00283889283179573
1992-09-30,0.0236895392444155,-0.0118225482699292,0.00353857041755123
1992-10-31,-0.0253456271179166,0.0275676767676767,0.00141043723554302
1992-11-30,-0.00495455863221776,0.0327133194588971,-0.000704225352112675
1992-12-31,0.0236944232169201,0.00143275793468622,0.00493305144467926
1993-01-31,0.0280971847857535,0.0172495002642281,0.00350631136044877
1993-02-28,0.0319037774410202,0.0215078107312656,0.00349406009783371
1993-03-31,0.005025,-0.0134156003791245,0.00278551532033422
1993-04-30,0.00354975503472116,0.00725038367789121,0.00138888888888888
1993-05-31,-0.00303140710958277,0.00865431405577399,0.00138696255201132
1993-06-30,0.0319947134754014,0.000610037346188808,0
1993-07-31,0.00259797748720878,0.0176246581263459,0.00277008310249305
1993-08-31,0.033674927514238,0.0135497177753801,0.00207182320441968
1993-09-30,0.00834214356124918,0.0124226983712219,0.00413507925568579
1993-10-31,0.00222289113054868,7.90400229935262e-05,0.000686341798215695
1993-11-30,-0.0252797446149943,0.00887539876284515,0
1993-12-31,0.00485833333333333,0.0173659548592482,0.00274348422496562
1994-01-31,0.0146031419670897,-0.000748782567637107,0.00341997264021887
1994-02-28,-0.0282913237540634,-0.0142305299913764,0.00340831629175198
1994-03-31,-0.0391336246301473,-0.0334565878269119,0.00135869565217406
1994-04-30,-0.0147914764619913,0.010591120154432,0.000678426051560432
1994-05-31,-0.00182905225582077,0.0110889332446218,0.00338983050847452
1994-06-30,-0.00585394103424403,-0.00518325528219343,0.00270270270270268
1994-07-31,0.0215760207787684,0.0308263181214001,0.00404312668463613
1994-08-31,0.00102984286921191,0.00817824113964027,0.00268456375838921
1994-09-30,-0.0235583505499157,-0.00442400491119865,0.000669344042838027
1994-10-31,-0.00659767713482259,-0.00368326110548145,0.00133779264214029
1994-11-30,-0.000276241608466737,-0.0102438124986443,0
1994-12-31,0.0113555507265405,0.0245135730866965,0.00400801603206435
1995-01-31,0.0230410007121929,0.0381909367723448,0.00399201596806376
1995-02-28,0.0329165831570166,0.0255799717795484,0.0033134526176275
1995-03-31,0.00741703723975517,0.0321673594917031,0.00330250990752967
1995-04-30,0.0151555760563282,0.033488544558419,0.0019749835418037
1995-05-31,0.0620429616727459,0.0317926983702743,0.00197109067017087
1995-06-30,0.0118401597140212,0.0354871604709373,0
1995-07-31,-0.0122075684154731,0.00514170718433604,0.00262295081967223
1995-08-31,0.0177833548565064,0.0371870770808367,0.001962066710268
1995-09-30,0.0133027153355093,0.00913575340808959,0.00326370757180161
1995-10-31,0.0154778578937301,0.0235938607927904,-0.000650618087182808
1995-11-30,0.0252082327983771,0.0339011748638469,-0.00065104166666663
1995-12-31,0.0183679141239309,0.0016393575996223,0.00586319218241038
1996-01-31,0.00314384947182462,0.0590584073869123,0.00323834196891193
1996-02-29,-0.0342843052232439,-0.00199371863164699,0.00516462233699144
1996-03-31,-0.0101777558926796,0.00197814765017679,0.00385356454720642
1996-04-30,-0.0176736995492806,0.023555119468867,0.00191938579654494
1996-05-31,-0.00796426504205167,0.012793077547399,0.000638569604086703
1996-06-30,0.0142900105286342,-0.0347494390426326,0.00191448627951507
1996-07-31,0.000618153724990419,0.0307743464737267,0.00191082802547782
1996-08-31,-0.00565754629971564,0.0202536166274321,0.00317863954227593
1996-09-30,0.0229711131854793,0.0412048561719616,0.00316856780735097
1996-10-31,0.0310420216088485,0.0505303224702762,0.00189513581806677
1996-11-30,0.0281641490622005,0.0119913366953481,0
1996-12-31,-0.0217725085869632,0.0325810068393317,0.00315258511979821
1997-01-31,-0.00185813219089539,0.0436178034159032,0.00314267756128217
1997-02-28,0.00327967169183606,-0.00623129047207505,0.00250626566416035
1997-03-31,-0.0200587043819985,-0.0340493082205615,0.00124999999999997
1997-04-30,0.0200759276545659,0.0921823116428644,-0.000624219725343322
1997-05-31,0.00918541349731723,0.0533715845026748,0.00124921923797627
1997-06-30,0.0171151656460673,0.0573649514810546,0.00124766063630677
1997-07-31,0.041618269847937,0.0034826919128057,0.0018691588785047
1997-08-31,-0.018276421677734,0.0119251757905181,0.00248756218905455
1997-09-30,0.0214590646873547,0.0164590937226528,0.00248138957816391
1997-10-31,0.0259537130874316,-0.0115157632084333,-0.000618811881188064
1997-11-30,0.00337848693684437,0.0263511978301312,-0.00123839009287918
1997-12-31,0.0131099269289183,0.00237521258282514,0.0018598884066956
1998-01-31,0.0214131396536589,0.0640259093173892,0.00185643564356441
1998-02-28,-0.00216307284499539,0.053131980125162,0.00185299567634334
1998-03-31,0.000930130432527837,0.0340652656408162,0.00184956843403206
1998-04-30,0.00397470629267063,-0.00221108313852414,0.00184615384615383
1998-05-31,0.0137869936634956,0.00117208879907138,0.00122850122850116
1998-06-30,0.0137375381941925,0.0446819260368641,0.00122699386503067
1998-07-31,-6.10729699784818e-06,-0.069705511075758,0.00122549019607843
1998-08-31,0.0393508796994637,-0.0489801045951126,0.00122399020807817
1998-09-30,0.0527127328588215,0.0129110166170248,0.00244498777506119
1998-10-31,-0.0120531873281109,0.109744915913618,0
1998-11-30,-0.00397283678534046,0.0410422655819926,-0.000609756097560976
1998-12-31,0.0110355858857664,0.0504824727252355,0.00244051250762656
1999-01-31,0.00308808447042656,-0.000661317402991246,0.00121728545343869
1999-02-28,-0.0442484899293827,0.0292406691374267,0.00303951367781163
1999-03-31,0.00747002643511883,0.0425002210674699,0.0072727272727271
1999-04-30,-0.00400161938284817,-0.000988317500274727,0
1999-05-31,-0.016580446297735,-0.00611767149374021,0
1999-06-30,-0.00797869529654109,0.0452276536488854,0.00300842358604081
1999-07-31,-0.00332075783961546,-0.0377398339838328,0.00239952009598077
1999-08-31,0.000493359805846737,-0.00597619065554778,0.00478755236385409
1999-09-30,0.0109251047608272,-0.0127234474056205,0.00178677784395465
1999-10-31,-0.00394699125527699,0.0710603508178143,0.000594530321046616
1999-11-30,-0.00671524999450335,0.0280883057752217,0
1999-12-31,-0.0144053894674074,-0.00118815969986297,0.00297088532382661
2000-01-31,-0.0111104417650517,-0.0247792142200773,0.00592417061611372
2000-02-29,0.0244234912870278,0.0394109359887296,0.00824499411071833
2000-03-31,0.0341436755611053,0.0142454982284133,0.000584112149532912
2000-04-30,-0.00960642416999408,-0.0283890804912318,0.00116754232340921
2000-05-31,0.000814244862564279,0.0316336266050044,0.00524781341107872
2000-06-30,0.0244374503740704,0.0084965844938758,0.00232018561484915
2000-07-31,0.00428703918575129,0.00939069925322467,0
2000-08-31,0.0282387817662925,-0.0108030509067899,0.00520833333333326
2000-09-30,-0.000448046138735365,-0.0521440005449405,0.0017271157167531
2000-10-31,0.00707488044038182,-0.00772703948283393,0.000574712643678144
2000-11-30,0.0267693349850591,-0.0332023501978655,-0.000574382538770735
2000-12-31,0.0322897232017952,0.00454381522694658,0.0063218390804598
2001-01-31,-0.00110632106989892,-0.0213688172123518,0.00399771559109086
2001-02-28,0.0253131174245095,-0.0908054119599209,0.00227531285551752
2001-03-31,0.00332302730993473,0.00448061165689873,0.003972758229285
2001-04-30,-0.0278900101888871,0.0687865595374169,0.00452232899943472
2001-05-31,-0.00161395698520351,-0.0238926454497508,0.00168823860438949
2001-06-30,0.00528438908024353,-0.0266009262323976,-0.0028089887640449
2001-07-31,0.0315327762060406,-0.0204574702146209,0
2001-08-31,0.021382791552515,-0.112472069014284,0.00450704225352117
2001-09-30,0.0237704191819734,0.0318403150048501,-0.00336511497476177
2001-10-31,0.0278471923433974,0.0505314619926498,-0.00168823860438927
2001-11-30,-0.0339754103901106,0.0146604938271606,-0.00394588500563708
2001-12-31,-0.0184014431421479,-0.0029768923282063,0.00226372382569329
2002-01-31,0.004225,-0.0335281804813734,0.00395256916996067
2002-02-28,0.0190222027575838,0.0494524547169752,0.00562429696287969
2002-03-31,-0.0369403436664912,-0.0351370988943683,0.00559284116331105
2002-04-30,0.0284004678906122,-0.0281957197545409,0
2002-05-31,0.00657291602686202,-0.0592016060535866,0.000556173526140125
2002-06-30,0.0213830565928197,-0.107591566241297,0.00111172873818788
2002-07-31,0.0317881731874193,0.011380530255241,0.00333148250971682
2002-08-31,0.033602202281593,-0.0475846072361331,0.00166021029330388
2002-09-30,0.0456058686530832,-0.0136617846456405,0.00165745856353605
2002-10-31,-0.0214171639210337,0.0662645433306421,0
2002-11-30,-0.020027023944997,-0.0103423706585488,-0.00220628792057365
2002-12-31,0.0354444235133705,-0.00222054167871455,0.00442233278054172
2003-01-31,-0.0106124989759384,-0.0641437086979819,0.00770500825536602
2003-02-28,0.0272120022322623,0.0130839595554122,0.00600764609503002
2003-03-31,-0.00673225851693454,0.0528566197748721,-0.0021715526601519
2003-04-30,-0.00170615851081594,0.053120868584954,-0.00163220892274218
2003-05-31,0.0467684937947358,0.0570403649728619,0.00108991825613081
2003-06-30,-0.0113048635007974,0.00597081646423736,0.00108873162765377
2003-07-31,-0.0724107220838549,-0.00165148675788052,0.00380641653072322
2003-08-31,0.0069207742940244,0.0316235990823928,0.00325027085590457
2003-09-30,0.0435731450543998,0.0203003609825001,-0.0010799136069114
2003-10-31,-0.0262748496268022,0.0121269884057136,-0.00270270270270268
2003-11-30,0.0028093931188763,0.0306592691367433,-0.00108401084010834
2003-12-31,0.0092279088962038,0.0493658079162964,0.00488334237655974
2004-01-31,0.0124223667221433,0.0108820741944218,0.00539956803455732
2004-02-29,0.0172774462796993,-0.0156366615355908,0.00644468313641244
2004-03-31,0.0139522541849255,0.0096954572145409,0.00320170757737448
2004-04-30,-0.0498318388870429,-0.0256280734570952,0.00585106382978728
2004-05-31,-0.00645490188445527,0.0285913781533942,0.00317292437863559
2004-06-30,0.00703695022478077,-0.0223738185199572,-0.00158144438587238
2004-07-31,0.0133647384091567,-0.0138618860303535,0.000527983104540608
2004-08-31,0.033608125640247,0.0278405299343092,0.00211081794195245
2004-09-30,0.0026350756140111,0.00103266348144038,0.00526592943654558
2004-10-31,0.0107406163526176,0.0477461712659213,0.00052383446830806
2004-11-30,-0.0213686081025947,0.0272811264906667,-0.00366492146596853
2004-12-31,0.0132663628937417,-0.0134741482587147,0.00210194429847599
2005-01-31,0.0115992438598899,0.0168308772286223,0.00576822233875207
2005-02-28,-0.0141099799437769,-0.00253758797851567,0.00782064650677783
2005-03-31,-0.00746719481068307,-0.0240731441961671,0.00672529746507999
2005-04-30,0.0270631366723593,0.0133756430184724,-0.00102774922918802
2005-05-31,0.0205605379506691,0.0218234771587964,0.000514403292181109
2005-06-30,0.00821942207564145,0.0180903860816526,0.0046272493573265
2005-07-31,-0.0239582967787567,0.00311245472793109,0.00511770726714422
2005-08-31,0.0246587099831561,0.00280915702146323,0.0122199592668024
2005-09-30,-0.0222160868626248,-0.0262252022970505,0.00201207243460755
2005-10-31,-0.0145595625572895,0.0396329015515062,-0.00803212851405621
2005-11-30,0.0101544994035527,0.0214581464450139,-0.00404858299595134
2005-12-31,0.0117121056693835,0.014680247529852,0.00762195121951215
2006-01-31,-0.00742642902117317,-0.000154450118476923,0.00201714573877942
2006-02-28,0.00219296145173056,0.0148735623180458,0.00553598389531973
2006-03-31,-0.0203738524717007,0.0079974853267788,0.00850850850850837
2006-04-30,-0.0121596657236244,-0.00785227735241956,0.00496277915632759
2006-05-31,0.000374575481232175,-0.0270437180073538,0.00197530864197537
2006-06-30,0.00195965021891944,0.00721503600203199,0.00295712173484475
2006-07-31,0.0166882739744084,0.0229321399098585,0.00196560196560203
2006-08-31,0.023757091963351,0.0253259785831748,-0.00490436488474744
2006-09-30,0.0118265936640555,0.0361755733300955,-0.0054213898472153
2006-10-31,0.00623299776857909,0.0200323216320224,-0.0014866204162538
2006-11-30,0.0157576663966638,0.0214982524868457,0.00148883374689834
2006-12-31,-0.0159098430188244,0.00694003191143855,0.00307234886025753
2007-01-31,-0.00544260618943056,0.01597257330637,0.00533544116194062
2007-02-28,0.025372413020611,-0.0247271825396824,0.00909090909090904
2007-03-31,-0.00328558588576658,0.0418162218510492,0.00652544436328228
2007-04-30,0.00545106333415283,0.0339302469641898,0.00609608592578259
2007-05-31,-0.0171495138626339,0.00346151470633638,0.00192353931233469
2007-06-30,-0.0059700401919015,0.00576105596611609,-0.000239980801535755
2007-07-31,0.0237535123559603,-0.041996282438247,-0.00182429188670197
2007-08-31,0.0229767864142315,0.0307629025679099,0.00274143901500579
2007-09-30,-0.000164283781643265,0.0299302438459621,0.00215837690057064
2007-10-31,0.0125551159899869,-0.0480495693854488,0.00593471810089019
2007-11-30,0.0452053971439003,0.0123964447845981,-0.000666095727471783
2007-12-31,-0.00236486006426497,-0.0663412699485766,0.00495143782136753
2008-01-31,0.0338913636121893,-0.0156281731410833,0.0028898995641462
2008-02-29,0.0146865892269745,-0.0262546714198901,0.00869195521753507
2008-03-31,0.00961217099501615,0.0424468844442418,0.00604130567133421
2008-04-30,-0.0233978472193536,0.0256341498415387,0.00842565869099721
2008-05-31,-0.0203390833523962,-0.042457704422685,0.0101094031297604
2008-06-30,0.00907012493869978,-0.0607816091954023,0.0052097614477653
2008-07-31,0.003325,0.0211082213897706,-0.00395526459356244
2008-08-31,0.0164235669114683,-0.0484723273532219,-0.00141494363047145
2008-09-30,0.00155591880129287,-0.201946122135941,-0.0101014717981535
2008-10-31,-0.00977760195067715,-0.0860669556840077,-0.0191162210832525
2008-11-30,0.0957042029819183,-0.00352664280968784,-0.0103563526808832
2008-12-31,0.0625802393437704,-0.0109916510931826,0.00432859249393514
2009-01-31,-0.0513041252282996,-0.0670610072629528,0.00497300369423126
2009-02-28,-0.0103800793035639,-0.0569133456693534,0.00245063386587496
2009-03-31,0.029316093562814,0.123155864910914,0.00249165530534534
2009-04-30,-0.0357958867535615,0.0665438503409381,0.00290752204089295
2009-05-31,-0.02318983795143,0.0286372048182091,0.00855699990648073
2009-06-30,-0.0020918715734652,0.0127260326235621,-0.00157633640873478
2009-07-31,0.00377265831025358,0.0811569888796277,0.00222892964940802
2009-08-31,0.0129633743841416,0.0364569406342947,0.000648658666543067
2009-09-30,0.0103888085149647,0.0239911923794938,0.000972357271843416
2009-10-31,-0.00559598114602431,0.0209047512004443,0.000693866222592376
2009-11-30,0.0197134962278671,0.0222205372816089,-0.00175657560208953
2009-12-31,-0.0496689316919612,0.0135569204536583,0.0034267191479509
2010-01-31,0.0213932178503496,-0.0289973418299838,0.00023074438137427
2010-02-28,0.00467976849214752,0.0594173491498033,0.00410630248223676
2010-03-31,-0.0158118087296883,0.040882918854795,0.00174608280108446
2010-04-30,0.015562948120503,-0.058820950121939,0.000779780744002645
2010-05-31,0.0349758952113329,-0.0354321843575751,-0.000962508020900255
2010-06-30,0.0317785269251198,-0.00158303795598869,0.00018351149240714
2010-07-31,0.00503936951674921,0.00864434771871347,0.00137608366588693
2010-08-31,0.0435654208258708,0.0337194650871899,0.000595483486784731
2010-09-30,-0.00317489797316566,0.0457840201530491,0.00123603735579558
2010-10-31,-0.00657077852669246,0.0249179171147798,0.000411503817840941
2010-11-30,-0.013292970185475,0.0371461657588825,0.0017367458866544
2010-12-31,-0.0388136970623489,0.0346373694822786,0.00474495848161327
2011-01-31,-0.00727031708441153,0.0315240159465262,0.00494959585868671
2011-02-28,0.00285,-0.0111098916071211,0.00976006506710037
2011-03-31,-0.00131502762657478,0.0222289937063527,0.00644381796214266
2011-04-30,0.0154780074715505,0.00661154128270414,0.00466853408029877
2011-05-31,0.0257221207960693,-0.0366071139471921,-0.00106213489113116
2011-06-30,-0.00844106262516098,0.0310354828101413,0.00088605351763249
2011-07-31,0.0336040684134477,-0.103988861974509,0.00278859773371121
2011-08-31,0.0545809550506199,-0.00787276464947273,0.00150077245641134
2011-09-30,0.029729363000999,0.0302188752967367,-0.00207148838644278
2011-10-31,-0.0205979212847706,0.0176997564652674,-0.000839148485116126
2011-11-30,0.00983550192164288,0.0155758223120954,-0.0024753569376299
2011-12-31,0.0188412494971384,0.0478463576016901,0.00443124916914073
2012-01-31,0.00699376576221712,0.0416455222541738,0.00436758282966432
2012-02-29,-0.0119205763325239,0.0288572681991488,0.00759905121672655
2012-03-31,-0.0204817606146695,-0.000362908256792638,0.00305157155935309
2012-04-30,0.0269944143919023,-0.0308898874567536,-0.00117345386587864
2012-05-31,0.0345321686618332,-0.0115040223072164,-0.00147941867548518
2012-06-30,-0.00595830980307812,0.0292373137486022,-0.00165591772703499
2012-07-31,0.0160761999233305,0.0339031559026706,0.00558707987778262
2012-08-31,-0.004231725886818,0.0302367974158919,0.00447087420783054
2012-09-30,-0.00598230935480473,-0.00213959438925149,-0.000388920098526424
2012-10-31,-0.00498189531569428,-0.0283426761810703,-0.00475531730935497
2012-11-30,0.0105604103650289,0.0217884179150143,-0.00269307618799408
2012-12-31,-0.0131363300857792,0.0427046054836451,0.00296167247386769
2013-01-31,-0.019986641941084,0.0233461677024227,0.00820739968733708
2013-02-28,0.0133887496559369,0.027240336527123,0.00258431321876218
2013-03-31,0.00337763803759106,0.0145588706262669,-0.00103106070369896
2013-04-30,0.0170120346706928,0.0457630355892276,0.00180621855244478
2013-05-31,-0.0394478480541603,-0.011158100790321,0.00236102167847174
2013-06-30,-0.0296149062925038,0.0325643338254766,0.000428265524625271
2013-07-31,-0.0048535697920281,0.00254392693626082,0.0011986301369864
2013-08-31,-0.0133408101589118,0.0119434681164887,0.00115443817342231
2013-09-30,0.0144614348582367,0.0211853774861652,-0.00256245996156312
2013-10-31,0.00829338784198021,0.0386093072020062,-0.00205523442517674
2013-11-30,-0.0133886982816528,0.0152258056075745,-8.58111297034059e-05
2013-12-31,-0.0223762443918715,0.00969697640199585,0.00373310448401609
2014-01-31,0.0345828078608029,-0.00128130555982353,0.00367647058823528
2014-02-28,0.00309162885663236,0.0272416494225041,0.00643155294318087
2014-03-31,-0.00382886408564151,0.00203423270656233,0.0033010283973085
2014-04-30,0.0074722120855357,0.0153376317323406,0.00350107563167001
2014-05-31,0.0188379083698265,0.0319800822322294,0.00184951660361499
2014-06-30,-0.00229435942208255,0.014974055299618,-0.000377611815054135
2014-07-31,-0.00224193878742445,-0.00425388137110805,-0.00167890870933896
2014-08-31,0.0223902558507713,0.0177960571594622,0.000756779482867342
2014-09-30,-0.0128764835270157,-0.0264524582378016,-0.00252069066924332
2014-10-31,0.0170601891070919,0.0570700005678093,-0.00539106262898537
2014-11-30,0.0170454083312098,0.00635178383066703,-0.00567435951725603
2014-12-31,0.00270458351805756,-0.0110817954796594,-0.00468463864401003
2015-01-31,0.0463961728980359,0.0282926071650444,0.00432159513927521
2015-02-28,-0.0272552446332193,0.000571911119648938,0.00596455351056591
2015-03-31,0.00705566442192836,0.00879651664991998,0.00203286464509578
2015-04-30,-0.00820901227704145,0.00980137097467115,0.00511411665257833
2015-05-31,-0.00452258230638034,-0.00434276857612748,0.00349018123712197
2015-06-30,-0.0184735891841046,-0.000785980021816957,4.19041233659101e-05
2015-07-31,0.0152572168446295,-0.0242338939453268,-0.00138277812696419
2015-08-31,0.000947182014043293,-0.0450604695397254,-0.00155253440751935
2015-09-30,0.0152336354410393,0.0431836221098774,-0.000462281992015035
2015-10-31,-0.00716692349003482,0.0293369089774678,-0.00210225361587624
2015-11-30,-0.00263075659645042,-0.0110179497777906,-0.00341282548243027
2015-12-31,-0.00345940753794823,-0.0641897264631044,0.00164883947068017
2016-01-31,0.0315311543206054,-0.00549185169741817,0.000801958466993158
2016-02-29,0.0197609836387352,0.063634422378817,0.00430180085192511
2016-03-31,-0.00217158252144473,0.0283204332451348,0.00474530718515087
2016-04-30,-0.00303230480184763,-0.00303575615663065,0.00405416701496275
2016-05-31,0.000622325007080261,0.0106727021858584,0.00328851517295936
2016-06-30,0.0336881993165187,0.0329819872130168,-0.00161812297734631
2016-07-31,0.00400197756669848,0.0119999379527509,0.000914266716535828
2016-08-31,-0.00975791869177809,-0.00437941914829898,0.00240813784513194
2016-09-30,-0.000510588503913022,-0.00505131259201586,0.00124259619765565
2016-10-31,-0.0203308664967419,0.0120204197814298,-0.00157200182021267
2016-11-30,-0.0450610283178255,0.039468234649275,0.000331468821214154
2016-12-31,-0.00503029825445462,0.0143848786849636,0.0058402021289814
2017-01-31,0.00204166666666667,0.0257726332383932,0.00312963267995392
2017-02-28,0.00995784038506215,0.0175006759917766,0.000821018062397538
2017-03-31,-0.00154466480492844,-0.00153018255155313,0.00295324036095157
2017-04-30,0.0117089872090694,0.0169336232486053,0.000858825453950551
2017-05-31,0.0089975438876541,0.0177740204980483,0.000939811220528775
2017-06-30,-0.00697592606086602,0.00988979686303826,-0.000693990855649917
2017-07-31,0.00280719708210091,0.00248869239232308,0.00298214796356078
2017-08-31,0.0179390211687874,0.0165433742362928,0.00529488432714231
2017-09-30,-0.0167319095374843,0.0273563485823396,-0.000648245685114679
2017-10-31,-0.00245184957396389,0.0159040542302178,4.05416362603273e-05
2017-11-30,-0.00152452152611738,0.0288430026102613,-0.000608099890541891
2017-12-31,0.00377233240246422,0.0486302423864822,0.00547622910920009
2018-01-31,-0.0256503134949289,-0.0288563098907927,0.00451849759954825
2018-02-28,-0.0105992507272768,0.000656769531808266,0.00224908630868703
2018-03-31,0.013613559197892,-0.0166295442576813,0.00400721298337015
2018-04-30,-0.0156584639988338,0.0196265744156745,0.0041508680902016
2018-05-31,0.0127712912622849,0.0211398771295346,0.00158988831034623
2018-06-30,0.000641193528283828,0.015821034605866,7.93682288979802e-05
2018-07-31,-0.00701848362906545,0.0245214725829623,0.000555533510575135
2018-08-31,0.0110481538343857,0.0168105992213179,0.00115010906206625
2018-09-30,-0.0137705047577277,-0.0384763628008502,0.0017826018063698
2018-10-31,-0.0059189510299672,-0.0207470220358577,-0.00336114516192809
2018-11-30,0.0145511271158069,-0.0556107392079749,-0.00321377559117597
2018-12-31,0.0301995086652125,0.0173693476829833,0.00191059984874431
2019-01-31,0.00744913378268227,0.0583015966157729,0.00425092368201496
2019-02-28,-0.0064448058366308,0.0194922186003401,0.00561753303267665
2019-03-31,0.0303517404195223,0.0372434896111957,0.00531077891424081
2019-04-30,-0.00672234324458304,-0.0153069541061138,0.00211308941498722
2019-05-31,0.0349937051587237,0.0140586375965801,0.000195243859580696
2019-06-30,0.0143200028603668,0.0382832151741939,0.00167876942297185
2019-07-31,-0.00012249793953471,-0.0313317379312954,-3.89757181276096e-05
2019-08-31,0.0494321631453912,0.0308639631866552,0.000779544745868277
2019-09-30,-0.0151292063707071,0.00010618701433418,0.00229786571117008
2019-10-31,0.000490501580506718,0.0443449262513098,-0.000544006217214066
2019-11-30,-0.00674022733991743,0.0247039625538128,-0.000933089693246569
2019-12-31,-0.0111035832907737,0.033474725217072,0.00389150484492351
2020-01-31,0.0392291164702012,0.00123162101153063,0.00275225801449763
2020-02-29,0.0368121772118828,-0.189165809764716,-0.0021648368640792
2020-03-31,0.0420675113069869,0.0431902925286252,-0.00670230900356428
2020-04-30,0.00633953586003062,0.0588747323779799,0
2020-05-31,-0.000425540850418845,0.0650815288747622,0.00549943445532208
2020-06-30,-0.000416714968660355,0.0347574291548833,0.00504266873545389
2020-07-31,0.0111520120397647,0.058927647289891,0.00316480123504426
2020-08-31,-0.0157840411913954,-0.00627584119318381,0.00138504155124641
2020-09-30,0.00347071836198161,0.0172538963765876,0.000422621791916544
2020-10-31,-0.01743006365202,0.0395362272208735,-0.000614462921002978
2020-11-30,0.00453163824857058,0.0425970956995276,0.000922261076739872
2020-12-31,-0.00780694533546625,0.0279484896621212,0.00426152723922124
2021-01-31,-0.0160834427827971,0.0249096101043382,0.00546677880571922
2021-02-28,-0.0294691245540934,0.00820988147076163,0.00710999581764948
2021-03-31,-0.0260164754581028,0.060216996419052,0.00819238900634245
2021-04-30,0.00965197302415537,0.00760310668295827,0.00805092679273534
2021-05-31,0.00777684145909273,0.018105857936346,0.00928677563150071
2021-06-30,0.0132840596265738,0.030690371649652,0.00478468899521545
2021-07-31,0.0207469865227657,0.0218619401075386,0.00208791208791204
2021-08-31,-0.00453217402836203,-0.000837971267632187,0.00270497496070488
2021-09-30,-0.0190977123986127,0.00453038326052635,0.00831176406255696
2021-10-31,-0.00148113244568424,0.0474547026519696,0.00491702519975412
2021-11-30,0.0123496642443941,0.00265958776389663,0.0030581039755353
2021-12-31,-0.00706421567822039,-0.020508673867021,0.0084289813486369
2022-01-31,-0.0231667507128488,-0.0290171381179554,0.00914102792103888
2022-02-28,-0.00212084384147815,-0.00891479071892409,0.0133229945016211
2022-03-31,-0.0416597668536036,0.00119574367627906,0.00560000000000005
2022-04-30,-0.0469092216763114,-0.0787151109390538,0.0110338625436686
2022-05-31,0.00584261294343234,-0.0336789296003327,0.0137187820732125
2022-06-30,-0.00871552680641565,0.00465531318260903,-0.000101245317404186
2022-07-31,0.0293355957752672,0.064482339016241,-0.000371270419872949
2022-08-31,-0.0383859649438425,-0.0727647711387276,0.00216092109261568
2022-09-30,-0.0530439093737401,-0.0309003718978215,0.00404299046528078
2022-10-31,-0.0186279489652299,0.0528636223346437,-0.00100667762826756
2022-11-30,0.0380496162389408,0.000119123894806838,-0.0030566658829061
2022-12-31,-0.0132672577963744,0.0137748633823913,0.00798517520215625
